Anno;Quartiere;NIL;Uomini;Donne;Totale;Minori;Stranieri;Famiglie registrate in anagrafe;Famiglie unipersonali registrate in anagrafe;80 e + soli fam registrate in anagrafe;Nati vivi;Nati fuori dal matrimonio;Nati con almeno un genitore straniero;Morti;Emigrati;Immigrati;80 e +;65 e +;Prima cittadinanza;residenti prima cittadinanza;Seconda cittadinanza;residenti seconda cittadinanza;Terza cittadinanza;residenti terza cittadinanza;Scuola dell'infanzia (numero);Scuola primaria (numero);Scuola secondaria di primo grado (numero);Area (metri quadrati)
2011;Adriano;17;7188;7042;14230;2712;2538;6942;2947;243;160;48;48;70;341;896;476;2141;Filippine;449;Cinese, Repubblica Popolare;328;Egitto;275;4;1;0;2431560,11
2011;Affori;80;11497;11564;23061;3721;6276;11974;5987;634;229;76;102;201;552;994;1226;4623;Cinese, Repubblica Popolare;1333;Egitto;979;Filippine;903;5;3;2;2070893,65
2011;Assiano;87;156;138;294;71;27;121;52;6;4;4;2;1;32;15;8;35;Paesi Bassi;9;Croazia;5;Serbia, Repubblica di;3;0;0;0;5844580,12
2011;Baggio - Q.re degli Olmi - Q.re Valsesia;55;14029;15565;29594;4468;4545;14459;6033;914;230;92;89;320;673;909;2003;7741;Filippine;892;Per—;687;Egitto;488;7;3;2;3478599,96
2011;Bande Nere;52;19693;23762;43455;5994;5915;23861;11846;2040;347;114;104;593;1009;1335;4443;12772;Filippine;1253;Per—;521;Egitto;520;14;7;7;2663880,93
2011;Barona;46;8090;9241;17331;2381;1944;8185;2966;522;87;36;32;253;390;271;1312;5179;Egitto;494;Marocco;221;Filippine;188;3;3;1;2006324,59
2011;Bicocca;15;3502;3410;6912;1242;1076;3479;1616;130;62;17;27;44;288;379;257;1118;Egitto;166;Filippine;122;Ecuador;84;0;0;0;1534521,13
2011;Bovisa;77;6410;6177;12587;1834;4025;7093;4096;436;126;41;72;82;356;684;745;2337;Egitto;949;Cinese, Repubblica Popolare;657;Filippine;452;4;2;1;1913132,63
2011;Bovisasca;81;3467;3868;7335;1089;883;3400;1254;200;51;21;20;97;167;165;525;1901;Per—;105;Egitto;104;Cinese, Repubblica Popolare;84;3;1;1;1576826,44
2011;Brera;2;8247;9847;18094;2840;2523;10196;5592;667;152;50;26;146;535;683;1224;4063;Filippine;445;Sri Lanka (ex Ceylon);249;Per—;138;6;6;5;1637395,23
2011;Bruzzano;83;5985;6256;12241;1888;2039;5915;2445;291;103;47;35;112;289;373;649;2741;Egitto;291;Per—;210;Ecuador;192;3;2;1;1667691,29
2011;Buenos Aires - Porta Venezia - Porta Monforte;21;28741;32833;61574;9071;8053;34062;18918;2367;490;169;123;535;1533;2240;4270;13854;Filippine;1390;Sri Lanka (ex Ceylon);574;Per—;543;10;5;4;2877542,27
2011;Cantalupa;47;234;230;464;74;67;230;107;5;5;2;1;4;21;18;8;70;Cinese, Repubblica Popolare;14;Egitto;10;Bulgaria;8;0;0;0;926716,81
2011;Cascina Merlata;73;306;82;388;31;33;315;11;1;1;1;0;1;27;90;1;13;Cinese, Repubblica Popolare;9;Marocco;5;Romania;4;0;0;0;1729126,9
2011;Chiaravalle;34;569;539;1108;148;134;565;266;19;6;1;3;15;23;31;41;210;Bangladesh;27;Filippine;16;Romania;13;1;0;0;311640,12
2011;Cimiano - Rottole - Q.re Feltre;18;9051;10676;19727;2635;2778;10522;5198;1056;149;54;49;275;493;629;2071;5808;Filippine;581;Per—;379;Egitto;297;7;4;3;4971969,5
2011;Citta' studi;22;16859;19962;36821;4890;5389;20920;11830;1892;315;107;86;414;908;1416;3271;9524;Filippine;840;Per—;666;Egitto;388;7;8;5;2207487,44
2011;Comasina;82;4580;4796;9376;1645;2748;4523;2024;365;91;44;56;92;223;406;711;1966;Cinese, Repubblica Popolare;742;Egitto;365;Per—;291;3;2;2;926734,56
2011;Corsica;25;8547;10266;18813;2530;2731;10460;5690;873;164;54;42;178;452;666;1639;4797;Filippine;635;Per—;249;Ecuador;224;6;3;2;1081329,7
2011;De Angeli - Monte Rosa;58;9324;11424;20748;3139;2536;11233;5781;821;194;66;42;199;475;732;1750;5202;Filippine;368;Francia;301;Per—;166;3;2;3;1323078,54
2011;Dergano;79;11048;10204;21252;3394;6751;11599;6498;581;214;75;122;157;478;1097;1110;3840;Egitto;1460;Cinese, Repubblica Popolare;1301;Filippine;803;3;3;3;1358615,04
2011;Duomo;1;8149;9053;17202;2780;2495;9568;5392;602;140;44;35;145;482;814;1067;3698;Filippine;497;Sri Lanka (ex Ceylon);296;Per—;143;4;4;3;2341704,07
2011;Farini;78;1993;1827;3820;537;1272;2229;1345;89;47;19;28;27;132;243;157;594;Egitto;330;Cinese, Repubblica Popolare;218;Filippine;154;0;0;0;1010230,89
2011;Figino;63;852;891;1743;270;238;846;379;50;15;4;2;16;43;53;115;349;Romania;53;Egitto;35;Sri Lanka (ex Ceylon);35;2;2;1;1424713,85
2011;Forze Armate;56;11073;12470;23543;3385;3533;11533;4886;752;187;72;60;251;580;779;1565;6044;Filippine;641;Egitto;487;Per—;396;7;5;2;3206902,39
2011;Ghisolfa;70;7981;9126;17107;2596;2711;9320;4938;767;169;49;57;173;371;626;1429;3985;Cinese, Repubblica Popolare;485;Filippine;468;Egitto;246;0;0;0;1051452,21
2011;Giambellino;49;14792;16464;31256;4742;7055;17081;9317;1283;263;85;104;342;819;1249;2282;7287;Egitto;1627;Filippine;1141;Per—;560;2;2;2;1965274,21
2011;Giardini P.ta Venezia;3;24;29;53;14;9;21;7;0;0;0;0;0;5;8;1;5;Filippine;5;Brasile;1;Sri Lanka (ex Ceylon);1;1;0;0;249646,83
2011;Gorla - Precotto;16;13301;14016;27317;4043;5851;14454;7211;823;279;100;122;212;743;1270;1569;6025;Filippine;1334;Per—;654;Egitto;547;9;6;2;3005623,49
2011;Gratosoglio - Q.re Missaglia - Q.re Terrazze;41;8961;9906;18867;3041;2288;8656;3136;496;87;42;28;213;422;408;1332;5605;Egitto;372;Filippine;288;Marocco;239;3;4;2;3312818,32
2011;Greco - Segnano;13;7128;7621;14749;2250;3269;7851;4065;642;147;54;61;128;466;586;1206;3417;Filippine;667;Cinese, Repubblica Popolare;459;Egitto;363;2;2;2;1768669,43
2011;Guastalla;4;6962;8195;15157;2270;1995;8286;4485;572;121;28;24;123;351;604;1130;3596;Filippine;405;Sri Lanka (ex Ceylon);323;Per—;121;6;7;9;1548020,74
2011;Isola;11;10649;11509;22158;3103;4005;12689;7368;826;190;79;59;175;594;994;1474;4671;Egitto;564;Filippine;560;Cinese, Repubblica Popolare;553;3;2;2;1322966,34
2011;Lambrate - Ortica;23;4986;5213;10199;1710;1987;5500;2820;287;101;30;43;127;282;447;655;1966;Filippine;395;Egitto;315;Per—;158;4;4;2;3096861,87
2011;Lodi - Corvetto;35;17029;18360;35389;4925;7963;19838;10711;1497;280;93;140;472;892;1778;2969;8971;Egitto;1321;Filippine;1302;Per—;703;9;7;4;3639092,52
2011;Lorenteggio;53;6108;7102;13210;2013;1688;6554;2840;678;87;25;22;189;262;368;1397;3880;Egitto;364;Filippine;187;Ecuador;139;5;4;3;2635327,1
2011;Loreto - Casoretto - NoLo;20;21737;20888;42625;5946;13816;25187;15589;1278;405;152;209;328;1255;2705;2342;7726;Egitto;2588;Filippine;2556;Cinese, Repubblica Popolare;1280;8;5;3;1747565,53
2011;Maciachini - Maggiolina;12;12224;13677;25901;3668;4901;14016;7452;1137;233;86;87;283;567;1004;2059;6158;Filippine;953;Cinese, Repubblica Popolare;696;Egitto;487;9;3;2;1674980,95
2011;Magenta - S.Vittore;7;8127;9554;17681;3084;2191;9278;4765;656;144;49;32;164;418;615;1220;3839;Filippine;374;Francia;298;Sri Lanka (ex Ceylon);280;7;6;4;1390146,88
2011;Maggiore - Musocco - Certosa;72;2363;2537;4900;749;704;2520;1143;153;59;15;19;49;450;142;293;1237;Per—;101;Ecuador;86;Egitto;78;2;2;1;3030188,71
2011;Moncucco - San Cristoforo;45;6248;6785;13033;1926;2250;7066;3742;356;121;37;39;102;363;501;764;2911;Egitto;483;Filippine;287;Per—;195;5;1;1;1596174,14
2011;Monlue' - Ponte Lambro;31;2502;2364;4866;983;1690;2349;1118;77;60;22;37;30;172;260;137;679;Egitto;291;Ecuador;199;Per—;171;1;1;0;2639289,21
2011;Morivione;37;3611;4050;7661;1269;1151;4163;2009;194;68;21;14;112;200;286;543;1627;Filippine;207;Egitto;166;Sri Lanka (ex Ceylon);130;2;1;1;817976,68
2011;Muggiano;54;1446;1470;2916;724;170;1243;453;30;49;14;8;12;57;102;54;300;Egitto;28;Ecuador;26;Romania;18;1;1;0;444218,42
2011;N.D.;;0;0;0;0;0;0;0;0;58;30;40;0;0;0;0;0;;0;;0;;0;0;0;0;0
2011;Niguarda - Ca? Granda - Prato Centenaro - Q.re Fulvio Testi;14;17117;19283;36400;5156;4313;18686;8508;1533;289;109;84;398;844;969;3050;10195;Egitto;592;Per—;436;Filippine;347;10;6;4;4251281,95
2011;Ortomercato;29;2008;2008;4016;554;1314;2312;1363;186;30;11;20;50;91;210;325;954;Egitto;326;Filippine;207;Romania;126;1;1;0;1402519,65
2011;Padova - Turro - Crescenzago;19;17342;17969;35311;4891;10683;19817;11069;1372;335;132;191;324;1009;1873;2583;8117;Filippine;2323;Egitto;1786;Per—;1009;5;4;3;2061945,5
2011;Pagano;68;7912;9203;17115;3155;1836;8582;4049;671;119;38;26;157;354;553;1298;3934;Filippine;331;Francia;173;Sri Lanka (ex Ceylon);164;2;2;2;1289734,29
2011;Parco Bosco in citta';88;384;255;639;145;347;357;134;9;11;4;4;2;218;87;15;58;Serbia, Repubblica di;84;Macedonia, Repubblica di;64;Eritrea;34;0;0;0;7837668,61
2011;Parco dei Navigli;86;157;136;293;58;44;151;63;8;2;1;1;0;14;27;11;29;Romania;12;Bulgaria;11;Marocco;4;0;0;0;3617836,27
2011;Parco delle Abbazie;85;246;199;445;120;210;208;116;3;10;6;6;1;17;22;6;35;Romania;77;Serbia, Repubblica di;56;Bosnia-Erzegovina;38;0;0;0;13722000
2011;Parco Forlanini - Cavriano;24;504;433;937;139;268;557;341;24;15;3;6;4;50;74;38;127;Egitto;44;Romania;42;Marocco;33;0;0;0;2925814,52
2011;Parco Nord;84;75;67;142;23;41;76;41;2;2;1;1;2;1;6;2;14;Cinese, Repubblica Popolare;6;Sri Lanka (ex Ceylon);6;Albania;4;1;1;0;1533639,39
2011;Parco Sempione;8;3;0;3;2;0;1;0;0;0;0;0;0;0;0;0;0;;0;;0;;0;0;0;0;470434,33
2011;Porta Garibaldi - Porta Nuova;9;2510;2772;5282;722;724;3075;1758;201;43;11;11;44;196;234;347;1087;Per—;91;Cinese, Repubblica Popolare;71;Filippine;56;1;0;0;785668,25
2011;Porta Genova;50;6851;8268;15119;2300;1354;8146;4330;647;117;41;23;134;351;443;1142;3693;Filippine;208;Per—;101;Sri Lanka (ex Ceylon);101;4;2;0;996786,39
2011;Porta Magenta;51;11845;14696;26541;4309;2859;14006;7173;1150;240;69;51;292;561;858;2173;6508;Filippine;552;Francia;223;Per—;212;4;3;3;1306450,76
2011;Porta Ticinese - Conca del Naviglio;6;9351;10669;20020;2677;2463;11808;7182;667;144;51;36;189;599;844;1236;4249;Filippine;363;Egitto;290;Sri Lanka (ex Ceylon);170;8;3;2;1255064,75
2011;Porta Ticinese - Conchetta;44;7902;8935;16837;2328;2378;9959;6083;614;188;68;48;149;493;782;1058;3425;Filippine;304;Egitto;264;Per—;203;4;1;0;1483927,87
2011;Porta Vigentina - Porta Lodovica;5;6400;7323;13723;2184;1643;7299;3775;537;93;22;11;131;352;507;1093;3341;Filippine;197;Sri Lanka (ex Ceylon);175;Egitto;155;4;3;2;1135239,32
2011;Portello;67;3570;4118;7688;1054;739;4116;2040;417;69;25;12;75;153;213;777;2168;Filippine;122;Per—;105;Ucraina;49;3;3;0;909636,6
2011;Pta Romana;27;7808;8811;16619;2331;1967;9524;5573;601;163;50;27;141;448;716;1059;3484;Filippine;386;Sri Lanka (ex Ceylon);138;Egitto;120;1;2;1;1002793,53
2011;Q.re Gallaratese - Q.re San Leonardo - Lampugnano;65;15505;17470;32975;4361;2467;15920;5904;1157;204;75;41;389;686;618;2842;11489;Per—;297;Filippine;250;Romania;235;6;6;3;3894538,21
2011;QT 8;66;1841;2249;4090;599;406;2078;976;240;28;8;5;42;70;91;479;1124;Filippine;62;Sri Lanka (ex Ceylon);44;Per—;37;3;2;1;1024437,42
2011;Quarto Cagnino;61;4644;4907;9551;1408;822;4447;1702;219;66;34;16;80;168;240;517;2443;Egitto;155;Per—;95;Cinese, Repubblica Popolare;80;3;1;1;986391,48
2011;Quarto Oggiaro - Vialba - Musocco;76;15343;16582;31925;5293;6419;15075;6151;1020;244;106;116;363;765;838;2385;7316;Cinese, Repubblica Popolare;1394;Egitto;898;Filippine;559;7;5;3;2778263,75
2011;Quinto Romano;62;2432;2536;4968;701;422;2322;895;110;34;15;10;34;116;95;220;1086;Egitto;62;Filippine;49;Per—;46;1;1;0;1645859,77
2011;Quintosole;39;504;172;676;73;117;504;94;6;8;2;4;7;71;82;9;78;Albania;28;Egitto;22;Romania;17;0;0;0;1057528,77
2011;Rogoredo - Santa Giulia;33;4543;4410;8953;1690;1414;4636;2345;187;111;41;29;56;198;434;352;1277;Egitto;200;Per—;180;Romania;123;2;1;1;1200161,64
2011;Ronchetto delle Rane;40;395;373;768;199;116;301;96;15;6;0;3;4;14;6;24;84;Egitto;42;Filippine;17;Per—;14;0;0;0;188870,6
2011;Ronchetto sul Naviglio - Q.re Lodovico il Moro;48;6981;7551;14532;1948;1693;7331;3221;404;111;45;48;138;345;405;911;4040;Egitto;334;Per—;219;Filippine;189;4;4;3;2406775,2
2011;Roserio;74;145;128;273;49;53;115;34;1;4;2;2;2;5;6;7;47;Cinese, Repubblica Popolare;22;Filippine;8;Romania;5;0;0;0;708465,8
2011;San Siro;57;12365;13438;25803;3875;7995;14749;8622;1184;220;79;134;303;637;1037;2088;6090;Egitto;2411;Filippine;1121;Marocco;661;2;1;1;984925,54
2011;Sarpi;69;13509;15685;29194;4454;4936;16304;9128;1044;299;125;92;294;712;1160;2024;6162;Cinese, Repubblica Popolare;1706;Filippine;603;Sri Lanka (ex Ceylon);247;3;4;3;1811914,53
2011;Scalo Romana;36;5427;5130;10557;1471;3162;5805;3241;222;92;33;54;67;501;675;437;1878;Egitto;674;Filippine;566;Sri Lanka (ex Ceylon);263;0;1;0;1736727,98
2011;Stadera - Chiesa Rossa - Q.re Torretta - Conca Fallata;42;14135;14958;29093;4422;5040;15509;7874;979;250;89;91;278;663;1201;2020;6705;Filippine;877;Egitto;782;Per—;378;9;5;3;3232237,35
2011;Stadio - Ippodromi;60;6245;6771;13016;2452;2463;6063;2514;355;101;38;26;96;336;454;836;2849;Francia;613;Filippine;340;Per—;190;7;9;4;3435307,37
2011;Stazione Centrale - Ponte Seveso;10;8657;8807;17464;2514;4014;9823;5608;557;156;58;70;161;506;888;1089;3514;Filippine;615;Cinese, Repubblica Popolare;505;Bangladesh;455;3;4;4;1556077,52
2011;Stephenson;75;31;26;57;5;14;27;12;1;0;0;0;1;2;1;2;12;Cinese, Repubblica Popolare;9;Brasile;4;Per—;1;0;0;0;560097,89
2011;Taliedo - Morsenchio - Q.re Forlanini;30;8741;10242;18983;2743;2540;9814;4488;956;130;50;35;282;401;516;2099;5906;Per—;365;Filippine;287;Egitto;273;4;4;2;3821389,97
2011;Tibaldi;43;5529;6097;11626;1441;1854;6724;3834;503;99;48;35;115;350;511;928;2910;Egitto;347;Filippine;271;Per—;167;2;1;1;786214,31
2011;Tre Torri;59;594;731;1325;238;158;652;307;59;7;2;3;10;29;49;103;312;Francia;32;Filippine;18;Per—;10;0;0;0;513316,34
2011;Trenno;64;2157;2102;4259;568;261;2029;697;92;27;13;4;37;199;156;203;995;Eritrea;30;Somalia;24;Filippine;21;2;0;0;489710,56
2011;Triulzo Superiore;32;839;561;1400;227;934;863;594;17;14;3;13;6;67;145;30;113;Egitto;261;Sri Lanka (ex Ceylon);132;Per—;112;0;0;0;1395022,03
2011;Umbria - Molise - Calvairate;28;10580;11912;22492;3112;4327;12795;7265;998;194;62;80;247;551;918;1807;5413;Filippine;772;Egitto;701;Per—;339;3;1;1;1192396,73
2011;Vigentino - Q.re Fatima;38;6534;6995;13529;2043;1499;6779;2995;369;125;41;27;120;270;439;779;3416;Filippine;178;Sri Lanka (ex Ceylon);161;Egitto;150;4;2;1;1853233,5
2011;Villapizzone - Cagnola - Boldinasco;71;19111;20081;39192;6076;11134;21065;10963;1413;407;170;199;427;1011;1727;2923;8434;Cinese, Repubblica Popolare;2157;Egitto;1661;Filippine;1635;11;8;3;3427070,6
2011;XXII Marzo;26;14292;16949;31241;4699;3169;16959;9015;1229;250;82;54;302;742;985;2351;7519;Filippine;557;Per—;258;Sri Lanka (ex Ceylon);226;5;3;3;1637499,71
2012;Adriano;17;7773;7534;15307;2923;3083;7625;3296;251;166;78;56;93;328;745;513;2252;Filippine;506;Cinese, Repubblica Popolare;385;Egitto;359;4;1;0;2431560,11
2012;Affori;80;12101;11963;24064;3947;6974;12644;6522;646;261;101;138;177;543;1028;1273;4698;Cinese, Repubblica Popolare;1528;Egitto;1130;Filippine;994;5;3;2;2070893,65
2012;Assiano;87;159;148;307;70;30;127;52;6;2;1;0;1;21;15;9;36;Paesi Bassi;8;Croazia;4;Serbia, Repubblica di, Repubblica di;4;0;0;0;5844580,12
2012;Baggio - Q.re degli Olmi - Q.re Valsesia;55;14205;15643;29848;4541;5068;14680;6224;909;237;116;88;357;688;895;2090;7789;Filippine;960;Per—;735;Egitto;571;7;3;2;3478599,96
2012;Bande Nere;52;19932;24016;43948;6052;6552;24293;12247;2041;321;104;84;682;1040;1343;4534;12705;Filippine;1387;Egitto;578;Per—;572;15;7;7;2663880,93
2012;Barona;46;8013;9164;17177;2330;2037;8212;3064;560;88;40;35;265;348;290;1374;5219;Egitto;508;Marocco;233;Filippine;195;3;3;1;2006324,59
2012;Bicocca;15;3714;3643;7357;1316;1222;3823;1912;141;82;37;15;42;306;423;285;1161;Egitto;177;Filippine;157;Ecuador;102;0;0;0;1534521,13
2012;Bovisa;77;6695;6312;13007;1917;4500;7441;4412;438;141;56;82;95;313;635;763;2345;Egitto;1091;Cinese, Repubblica Popolare;748;Filippine;506;4;2;1;1913132,63
2012;Bovisasca;81;3538;3885;7423;1120;971;3455;1296;219;42;16;11;91;156;175;562;1913;Per—;123;Egitto;114;Cinese, Repubblica Popolare;93;3;1;1;1576826,44
2012;Brera;2;8292;9938;18230;2876;2666;10289;5684;674;160;51;33;151;595;684;1233;4142;Filippine;446;Sri Lanka (ex Ceylon);252;Francia;142;6;6;5;1637395,23
2012;Bruzzano;83;6137;6312;12449;1961;2217;6020;2509;297;105;49;35;125;269;345;673;2832;Egitto;335;Per—;248;Romania;199;3;2;1;1667691,29
2012;Buenos Aires - Porta Venezia - Porta Monforte;21;29122;33214;62336;9175;8583;34688;19477;2392;506;199;104;508;1605;2201;4350;14034;Filippine;1435;Sri Lanka (ex Ceylon);576;Egitto;561;10;5;4;2877542,27
2012;Cantalupa;47;242;229;471;71;74;243;122;5;2;1;2;5;32;18;6;76;Egitto;13;Cinese, Repubblica Popolare;10;Bulgaria;8;0;0;0;926716,81
2012;Cascina Merlata;73;391;76;467;19;45;415;10;0;1;1;1;2;70;136;0;17;Cinese, Repubblica Popolare;10;Marocco;7;Romania;7;0;0;0;1729126,9
2012;Chiaravalle;34;598;557;1155;155;167;587;272;23;7;2;2;9;22;43;51;220;Bangladesh;28;Sri Lanka (ex Ceylon);19;Filippine;17;1;0;0;311640,12
2012;Cimiano - Rottole - Q.re Feltre;18;9196;10779;19975;2729;3101;10747;5433;1047;156;50;58;282;482;599;2092;5782;Filippine;615;Per—;413;Egitto;320;7;4;3;4971969,5
2012;Citta' studi;22;17049;20016;37065;4931;5859;21239;12191;1870;304;101;86;447;965;1346;3260;9515;Filippine;868;Per—;655;Egitto;439;7;9;6;2207487,44
2012;Comasina;82;4727;4868;9595;1704;3097;4684;2151;360;85;38;51;90;275;369;703;1970;Cinese, Repubblica Popolare;907;Egitto;416;Per—;304;3;2;2;926734,56
2012;Corsica;25;8687;10416;19103;2567;2952;10713;5911;867;160;52;37;212;436;638;1650;4816;Filippine;663;Per—;261;Ecuador;217;6;3;2;1081329,7
2012;De Angeli - Monte Rosa;58;9396;11573;20969;3200;2774;11422;5966;849;157;56;33;208;533;685;1788;5277;Filippine;427;Francia;318;Per—;190;3;2;3;1323078,54
2012;Dergano;79;11589;10493;22082;3533;7509;12199;7022;598;211;86;106;169;502;1123;1151;3864;Egitto;1696;Cinese, Repubblica Popolare;1443;Filippine;846;3;3;3;1358615,04
2012;Duomo;1;8155;9063;17218;2727;2557;9654;5467;598;155;51;37;142;681;756;1075;3758;Filippine;483;Sri Lanka (ex Ceylon);292;Per—;148;4;4;3;2341704,07
2012;Farini;78;2097;1876;3973;566;1424;2349;1446;91;39;16;25;27;131;223;158;614;Egitto;376;Cinese, Repubblica Popolare;245;Filippine;176;0;0;0;1010230,89
2012;Figino;63;853;892;1745;273;282;857;389;46;17;5;6;20;49;48;100;347;Romania;64;Sri Lanka (ex Ceylon);44;Egitto;33;2;2;1;1424713,85
2012;Forze Armate;56;11334;12661;23995;3511;3966;11865;5149;793;177;82;69;260;564;667;1642;6096;Filippine;723;Egitto;552;Per—;431;7;5;2;3206902,39
2012;Ghisolfa;70;8121;9235;17356;2672;2973;9505;5091;755;180;67;59;189;432;613;1449;3961;Cinese, Repubblica Popolare;563;Filippine;509;Per—;274;0;0;0;1051452,21
2012;Giambellino;49;15206;16807;32013;4946;7908;17507;9650;1283;310;121;155;293;850;1215;2341;7298;Egitto;1857;Filippine;1262;Sri Lanka (ex Ceylon);630;2;2;2;1965274,21
2012;Giardini P.ta Venezia;3;27;30;57;15;12;23;8;0;1;1;1;0;1;3;1;5;Filippine;7;Sri Lanka (ex Ceylon);2;Brasile;1;1;0;0;249646,83
2012;Gorla - Precotto;16;13652;14279;27931;4149;6394;14916;7590;836;218;66;88;222;735;1054;1637;6143;Filippine;1421;Per—;695;Egitto;659;9;6;2;3005623,49
2012;Gratosoglio - Q.re Missaglia - Q.re Terrazze;41;9078;9936;19014;3038;2605;8852;3337;527;104;49;31;209;453;434;1446;5652;Egitto;419;Filippine;305;Marocco;255;3;4;2;3312818,32
2012;Greco - Segnano;13;7349;7800;15149;2309;3640;8149;4253;650;123;42;52;129;400;660;1224;3441;Filippine;740;Cinese, Repubblica Popolare;508;Egitto;422;2;2;2;1768669,43
2012;Guastalla;4;7016;8296;15312;2284;2193;8447;4652;578;111;38;21;162;437;579;1125;3650;Filippine;441;Sri Lanka (ex Ceylon);347;Per—;122;6;7;9;1548020,74
2012;Isola;11;10963;11671;22634;3179;4433;13092;7723;814;213;88;64;195;668;1039;1498;4732;Egitto;647;Cinese, Repubblica Popolare;623;Filippine;553;3;2;2;1322966,34
2012;Lambrate - Ortica;23;5170;5365;10535;1772;2162;5695;2962;298;124;46;38;133;306;419;675;2003;Filippine;418;Egitto;341;Per—;173;4;4;2;3096861,87
2012;Lodi - Corvetto;35;17604;18684;36288;5104;9040;20448;11232;1501;298;122;149;470;913;1432;2977;8950;Filippine;1511;Egitto;1491;Per—;786;9;7;4;3639092,52
2012;Lorenteggio;53;6185;7068;13253;2024;1819;6621;2915;671;81;26;27;211;268;353;1428;3826;Egitto;394;Filippine;199;Per—;144;5;4;2;2635327,1
2012;Loreto - Casoretto - NoLo;20;22936;21510;44446;6213;15444;26548;16799;1293;402;142;223;306;1308;2446;2391;7799;Egitto;2944;Filippine;2755;Cinese, Repubblica Popolare;1431;8;5;3;1747565,53
2012;Maciachini - Maggiolina;12;12488;13896;26384;3761;5373;14417;7794;1157;209;76;85;235;628;932;2119;6259;Filippine;1045;Cinese, Repubblica Popolare;759;Egitto;537;9;3;2;1674980,95
2012;Magenta - S.Vittore;7;8129;9532;17661;3039;2287;9354;4844;645;134;38;21;160;513;570;1203;3868;Filippine;384;Francia;322;Sri Lanka (ex Ceylon);293;6;6;4;1390146,88
2012;Maggiore - Musocco - Certosa;72;2384;2535;4919;756;745;2552;1174;164;53;19;12;34;136;139;308;1276;Per—;106;Ecuador;88;Egitto;88;2;2;1;3030188,71
2012;Moncucco - San Cristoforo;45;6387;6809;13196;1933;2434;7252;3952;367;105;41;29;126;357;487;776;2969;Egitto;534;Filippine;281;Per—;200;5;1;1;1596174,14
2012;Monlue' - Ponte Lambro;31;2615;2441;5056;993;1796;2499;1241;87;43;15;25;33;180;294;145;697;Egitto;306;Ecuador;210;Filippine;176;1;1;0;2639289,21
2012;Morivione;37;3693;4149;7842;1333;1311;4266;2068;188;87;29;18;131;200;308;553;1623;Filippine;235;Egitto;177;Sri Lanka (ex Ceylon);156;2;1;1;817976,68
2012;Muggiano;54;1525;1540;3065;754;204;1322;495;35;45;14;6;13;67;71;62;308;Egitto;35;Ecuador;30;Per—;23;1;1;0;444218,42
2012;N.D.;;0;0;0;0;0;0;0;0;99;49;58;0;0;0;0;0;;0;;0;;0;0;0;0;0
2012;Niguarda - Ca? Granda - Prato Centenaro - Q.re Fulvio Testi;14;17354;19448;36802;5293;4829;19056;8835;1569;284;120;85;418;851;975;3133;10263;Egitto;686;Per—;505;Filippine;392;10;6;4;4251281,95
2012;Ortomercato;29;2105;2032;4137;577;1459;2419;1465;193;29;7;21;44;142;192;333;940;Egitto;371;Filippine;241;Romania;140;1;1;0;1402519,65
2012;Padova - Turro - Crescenzago;19;18024;18416;36440;5124;12012;20678;11867;1418;336;138;214;351;1022;1671;2605;8101;Filippine;2516;Egitto;2116;Cinese, Repubblica Popolare;1157;6;4;3;2061945,5
2012;Pagano;68;7985;9232;17217;3188;1884;8651;4088;673;137;36;24;152;441;491;1326;3939;Filippine;325;Francia;168;Sri Lanka (ex Ceylon);168;2;2;2;1289734,29
2012;Parco Bosco in citta';88;289;245;534;137;255;267;113;5;14;9;7;3;158;73;11;61;Kosovo;70;Macedonia, Repubblica di, Repubblica di;51;Romania;22;0;0;0;7837668,61
2012;Parco dei Navigli;86;163;138;301;62;51;154;70;5;2;0;1;4;17;15;8;29;Bulgaria;10;Romania;10;Albania;8;0;0;0;3617836,27
2012;Parco delle Abbazie;85;264;218;482;131;233;226;126;4;9;2;5;2;19;31;8;43;Romania;92;Montenegro;63;Bosnia-Erzegovina;41;0;0;0;13722000
2012;Parco Forlanini - Cavriano;24;544;466;1010;150;309;600;371;26;11;5;3;7;53;71;38;127;Egitto;53;Romania;42;Marocco;33;0;0;0;2925814,52
2012;Parco Nord;84;73;62;135;19;42;76;43;2;1;0;0;0;6;4;2;15;Cinese, Repubblica Popolare;8;Sri Lanka (ex Ceylon);6;Egitto;4;1;1;0;1533639,39
2012;Parco Sempione;8;3;0;3;2;0;1;0;0;0;0;0;0;0;0;0;0;;0;;0;;0;0;0;0;470434,33
2012;Porta Garibaldi - Porta Nuova;9;2506;2835;5341;709;801;3161;1853;207;38;19;9;45;184;206;364;1131;Per—;106;Cinese, Repubblica Popolare;76;Sri Lanka (ex Ceylon);56;1;0;0;785668,25
2012;Porta Genova;50;6869;8306;15175;2319;1418;8213;4380;649;121;44;25;159;360;432;1163;3724;Filippine;224;Sri Lanka (ex Ceylon);111;Egitto;89;4;2;0;996786,39
2012;Porta Magenta;51;11981;14872;26853;4337;3032;14248;7373;1153;235;66;45;263;747;877;2201;6573;Filippine;579;Per—;231;Francia;228;4;3;3;1306450,76
2012;Porta Ticinese - Conca del Naviglio;6;9440;10733;20173;2735;2586;11940;7270;660;158;55;41;188;538;846;1249;4320;Filippine;346;Egitto;320;Sri Lanka (ex Ceylon);178;8;3;2;1255064,75
2012;Porta Ticinese - Conchetta;44;8127;9179;17306;2437;2656;10284;6324;606;192;91;49;137;538;797;1094;3454;Egitto;304;Filippine;301;Per—;213;4;1;0;1483927,87
2012;Porta Vigentina - Porta Lodovica;5;6498;7426;13924;2184;1758;7508;3966;541;103;33;17;125;311;538;1124;3375;Filippine;204;Sri Lanka (ex Ceylon);189;Egitto;173;4;3;2;1135239,32
2012;Portello;67;3612;4129;7741;1062;785;4165;2097;408;56;20;12;86;163;213;799;2186;Filippine;122;Per—;113;Cinese, Repubblica Popolare;53;3;3;0;909636,6
2012;Pta Romana;27;7830;8819;16649;2295;2085;9647;5731;578;156;57;39;147;477;654;1048;3479;Filippine;372;Sri Lanka (ex Ceylon);138;Cinese, Repubblica Popolare;130;1;2;1;1002793,53
2012;Q.re Gallaratese - Q.re San Leonardo - Lampugnano;65;15447;17543;32990;4412;2756;16019;6040;1231;203;83;68;376;748;630;3075;11591;Per—;321;Romania;296;Filippine;293;6;6;3;3894538,21
2012;QT 8;66;1856;2248;4104;621;430;2075;973;238;40;9;10;61;96;91;466;1108;Filippine;64;Sri Lanka (ex Ceylon);54;Per—;41;3;2;1;1024437,42
2012;Quarto Cagnino;61;4677;4933;9610;1434;939;4540;1782;238;53;23;18;83;146;214;554;2506;Egitto;178;Per—;112;Cinese, Repubblica Popolare;96;3;1;1;986391,48
2012;Quarto Oggiaro - Vialba - Musocco;76;15442;16644;32086;5308;6981;15248;6411;1058;260;128;116;376;764;882;2435;7300;Cinese, Repubblica Popolare;1532;Egitto;958;Filippine;622;7;5;3;2778263,75
2012;Quinto Romano;62;2422;2515;4937;692;448;2332;917;113;32;11;8;51;117;102;232;1102;Egitto;67;Filippine;50;Per—;49;1;1;0;1645859,77
2012;Quintosole;39;509;174;683;72;121;523;101;6;2;1;2;5;59;78;10;80;Albania;31;Egitto;24;Romania;20;0;0;0;1057528,77
2012;Rogoredo - Santa Giulia;33;4766;4538;9304;1758;1619;4816;2438;202;129;29;28;60;233;380;379;1312;Egitto;226;Per—;210;Romania;140;2;1;1;1200161,64
2012;Ronchetto delle Rane;40;402;378;780;196;127;305;97;14;6;1;3;1;10;4;26;88;Egitto;45;Filippine;20;Per—;14;0;0;0;188870,6
2012;Ronchetto sul Naviglio - Q.re Lodovico il Moro;48;7082;7688;14770;2002;1865;7544;3427;424;100;35;37;155;351;430;985;4104;Egitto;357;Per—;235;Filippine;209;4;4;3;2406775,2
2012;Roserio;74;141;117;258;39;45;114;39;2;3;2;0;0;10;5;10;48;Cinese, Repubblica Popolare;23;Filippine;5;Ecuador;3;0;0;0;708465,8
2012;San Siro;57;12697;13683;26380;4030;8775;15082;8908;1159;196;63;129;330;662;1053;2077;6013;Egitto;2617;Filippine;1202;Marocco;686;2;1;1;984925,54
2012;Sarpi;69;13806;16062;29868;4641;5382;16748;9456;1054;303;126;100;267;765;1209;2058;6228;Cinese, Repubblica Popolare;1948;Filippine;608;Per—;262;4;4;3;1811914,53
2012;Scalo Romana;36;5952;5434;11386;1633;3763;6381;3701;226;115;48;65;68;343;743;465;1968;Egitto;749;Filippine;603;Sri Lanka (ex Ceylon);315;0;1;0;1736727,98
2012;Stadera - Chiesa Rossa - Q.re Torretta - Conca Fallata;42;14699;15435;30134;4646;5818;16185;8399;1023;285;98;101;272;802;1143;2106;6791;Filippine;999;Egitto;904;Per—;410;9;5;3;3232237,35
2012;Stadio - Ippodromi;60;6354;6814;13168;2506;2696;6159;2598;366;88;28;27;115;309;421;875;2869;Francia;671;Filippine;381;Per—;189;7;9;4;3435307,37
2012;Stazione Centrale - Ponte Seveso;10;9042;8874;17916;2536;4470;10294;6039;558;146;50;70;149;533;989;1119;3636;Filippine;642;Bangladesh;607;Cinese, Repubblica Popolare;537;3;3;3;1556077,52
2012;Stephenson;75;32;24;56;4;12;27;12;1;0;0;0;0;2;1;2;13;Cinese, Repubblica Popolare;8;Brasile;3;Per—;1;0;0;0;560097,89
2012;Taliedo - Morsenchio - Q.re Forlanini;30;8805;10331;19136;2798;2826;9945;4630;1007;142;53;47;263;421;449;2219;5866;Per—;409;Filippine;322;Egitto;278;4;4;2;3821389,97
2012;Tibaldi;43;5668;6232;11900;1494;2074;6958;4060;514;91;38;27;107;295;489;967;2953;Egitto;397;Filippine;291;Per—;180;2;1;1;786214,31
2012;Tre Torri;59;615;731;1346;244;165;661;307;60;14;5;4;10;37;30;112;319;Francia;26;Filippine;21;Stati Uniti d'America;10;0;0;0;513316,34
2012;Trenno;64;2152;2078;4230;552;300;2064;720;95;20;7;2;38;210;178;200;1015;Afghanistan;30;Eritrea;21;Filippine;20;2;0;0;489710,56
2012;Triulzo Superiore;32;908;600;1508;243;1042;936;647;15;16;8;13;8;47;133;29;110;Egitto;292;Sri Lanka (ex Ceylon);156;Per—;117;0;0;0;1395022,03
2012;Umbria - Molise - Calvairate;28;10724;12020;22744;3169;4664;12952;7415;1044;208;79;74;229;535;756;1837;5414;Filippine;813;Egitto;717;Per—;358;3;1;1;1192396,73
2012;Vigentino - Q.re Fatima;38;6718;7091;13809;2129;1659;6987;3146;370;109;45;31;125;309;455;809;3504;Filippine;199;Egitto;173;Sri Lanka (ex Ceylon);161;4;2;1;1853233,5
2012;Villapizzone - Cagnola - Boldinasco;71;19799;20545;40344;6339;12389;21780;11552;1441;412;151;224;468;941;1627;2941;8447;Cinese, Repubblica Popolare;2418;Egitto;1863;Filippine;1823;11;8;3;3427070,6
2012;XXII Marzo;26;14343;17019;31362;4679;3368;17135;9209;1206;283;106;62;321;810;897;2354;7604;Filippine;572;Per—;282;Sri Lanka (ex Ceylon);223;5;3;3;1637499,71
2013;Adriano;17;7912;7608;15520;2998;3137;7681;3293;266;182;65;61;71;512;542;553;2341;Filippine;531;Egitto;409;Cinese, Repubblica Popolare;390;4;1;0;2431560,11
2013;Affori;80;12043;11956;23999;3973;7019;12625;6524;670;230;89;127;191;940;851;1321;4724;Cinese, Repubblica Popolare;1587;Egitto;1140;Filippine;1008;5;3;2;2070893,65
2013;Assiano;87;165;157;322;74;32;137;56;7;5;4;1;1;6;35;10;38;Paesi Bassi;9;Serbia, Repubblica di, Repubblica di;5;Romania;3;0;0;0;5844580,12
2013;Baggio - Q.re degli Olmi - Q.re Valsesia;55;13911;15384;29295;4508;5061;14412;6103;942;229;100;105;295;1182;820;2184;7764;Filippine;968;Per—;713;Egitto;593;7;3;2;3478599,96
2013;Bande Nere;52;19764;23672;43436;6032;6678;24026;12149;2104;317;116;106;614;1575;1360;4576;12543;Filippine;1447;Per—;601;Egitto;585;15;7;7;2663880,93
2013;Barona;46;7962;9012;16974;2323;2137;8146;3092;568;87;44;44;243;457;323;1419;5247;Egitto;536;Marocco;234;Filippine;219;3;3;1;2006324,59
2013;Bicocca;15;3840;3723;7563;1316;1266;3978;2020;146;71;27;17;38;350;442;295;1187;Egitto;188;Filippine;170;Ecuador;99;0;0;0;1534521,13
2013;Bovisa;77;6669;6325;12994;1926;4637;7448;4432;433;140;48;84;89;699;642;775;2347;Egitto;1166;Cinese, Repubblica Popolare;721;Filippine;533;4;2;1;1913132,63
2013;Bovisasca;81;3439;3824;7263;1097;978;3432;1290;233;45;20;11;112;234;149;620;1955;Per—;121;Egitto;117;Cinese, Repubblica Popolare;95;3;1;1;1576826,44
2013;Brera;2;8158;9693;17851;2795;2611;10142;5679;673;140;42;23;175;891;745;1217;4139;Filippine;431;Sri Lanka (ex Ceylon);235;Francia;134;6;6;5;1637395,23
2013;Bruzzano;83;6168;6396;12564;2012;2311;6126;2585;326;114;43;52;101;419;339;734;2885;Egitto;373;Per—;267;Ecuador;199;3;2;1;1667691,29
2013;Buenos Aires - Porta Venezia - Porta Monforte;21;28699;32818;61517;9120;8401;34321;19340;2370;516;189;119;569;2558;2170;4309;14038;Filippine;1378;Sri Lanka (ex Ceylon);560;Cinese, Repubblica Popolare;541;10;5;4;2877542,27
2013;Cantalupa;47;238;229;467;77;71;234;114;3;7;5;2;2;24;11;5;80;Egitto;18;Cinese, Repubblica Popolare;8;Per—;7;0;0;0;926716,81
2013;Cascina Merlata;73;441;71;512;13;66;477;11;0;1;1;1;3;66;121;0;18;Marocco;19;Romania;12;Albania;7;0;0;0;1729126,9
2013;Chiaravalle;34;579;539;1118;147;152;563;255;23;4;2;3;11;38;17;48;220;Sri Lanka (ex Ceylon);21;Bangladesh;19;Filippine;17;1;0;0;311640,12
2013;Cimiano - Rottole - Q.re Feltre;18;9112;10604;19716;2695;3064;10628;5354;1056;118;49;42;256;664;628;2104;5748;Filippine;605;Per—;415;Egitto;294;7;4;3;4971969,5
2013;Citta' studi;22;16756;19707;36463;4895;5919;20933;12076;1850;257;89;91;395;1405;1175;3229;9383;Filippine;892;Per—;615;Egitto;430;7;8;5;2207487,44
2013;Comasina;82;4681;4757;9438;1704;3114;4589;2083;343;107;49;69;101;455;290;660;1918;Cinese, Repubblica Popolare;906;Egitto;416;Per—;301;3;2;2;926734,56
2013;Corsica;25;8661;10330;18991;2652;2944;10605;5836;866;159;44;47;208;702;604;1646;4754;Filippine;683;Per—;267;Ecuador;191;6;3;3;1081329,7
2013;De Angeli - Monte Rosa;58;9316;11439;20755;3201;2746;11300;5905;844;167;48;40;239;787;761;1741;5193;Filippine;425;Francia;299;Per—;210;3;2;3;1323078,54
2013;Dergano;79;11684;10501;22185;3597;7773;12219;7023;590;218;92;108;161;1097;1026;1161;3872;Egitto;1795;Cinese, Repubblica Popolare;1479;Filippine;914;3;3;3;1358615,04
2013;Duomo;1;7904;8726;16630;2618;2374;9356;5294;582;136;47;30;140;1059;762;1052;3707;Filippine;461;Sri Lanka (ex Ceylon);291;Per—;139;4;4;3;2341704,07
2013;Farini;78;2111;1863;3974;563;1463;2374;1467;89;48;20;26;27;233;244;156;611;Egitto;368;Cinese, Repubblica Popolare;270;Filippine;168;0;0;0;1010230,89
2013;Figino;63;848;880;1728;269;303;842;378;47;14;5;7;17;47;46;99;353;Romania;67;Sri Lanka (ex Ceylon);56;Egitto;43;2;2;1;1424713,85
2013;Forze Armate;56;11246;12539;23785;3482;4039;11839;5199;824;165;67;64;254;872;681;1675;6158;Filippine;793;Egitto;534;Per—;448;7;5;2;3206902,39
2013;Ghisolfa;70;8159;9178;17337;2691;3137;9535;5153;760;150;59;50;186;655;579;1425;3901;Cinese, Repubblica Popolare;616;Filippine;558;Egitto;278;0;0;0;1051452,21
2013;Giambellino;49;15122;16714;31836;5063;8180;17357;9587;1278;309;116;153;332;1229;1181;2336;7229;Egitto;1936;Filippine;1324;Sri Lanka (ex Ceylon);662;2;2;2;1965274,21
2013;Giardini P.ta Venezia;3;23;24;47;6;8;19;8;0;1;1;0;0;5;0;1;6;Filippine;5;Sri Lanka (ex Ceylon);2;Stati Uniti d'America;1;1;0;0;249646,83
2013;Gorla - Precotto;16;13637;14243;27880;4201;6507;14912;7560;860;282;93;127;236;1139;1063;1729;6248;Filippine;1499;Per—;691;Egitto;674;9;6;2;3005623,49
2013;Gratosoglio - Q.re Missaglia - Q.re Terrazze;41;8935;9784;18719;2922;2652;8779;3388;569;95;48;24;207;545;362;1560;5595;Egitto;438;Filippine;312;Marocco;253;3;4;2;3312818,32
2013;Greco - Segnano;13;7364;7773;15137;2367;3726;8123;4208;644;137;50;69;136;672;644;1227;3417;Filippine;814;Cinese, Repubblica Popolare;548;Egitto;450;2;2;2;1768669,43
2013;Guastalla;4;6831;8108;14939;2255;2047;8238;4525;587;109;32;21;137;717;517;1111;3662;Filippine;428;Sri Lanka (ex Ceylon);340;Per—;116;6;7;9;1548020,74
2013;Isola;11;10795;11478;22273;3115;4338;12917;7631;790;208;80;51;192;1241;1040;1493;4707;Cinese, Repubblica Popolare;646;Egitto;620;Filippine;570;3;2;2;1322966,34
2013;Lambrate - Ortica;23;5195;5407;10602;1801;2189;5748;2997;296;104;35;34;103;425;374;704;2044;Filippine;440;Egitto;324;Per—;167;5;4;2;3096861,87
2013;Lodi - Corvetto;35;17465;18698;36163;5287;9341;20209;10953;1488;320;119;155;421;1645;1447;2989;8865;Filippine;1588;Egitto;1580;Per—;834;9;7;4;3639092,52
2013;Lorenteggio;53;6254;7068;13322;2081;1893;6620;2917;669;91;38;27;158;384;447;1462;3809;Egitto;430;Filippine;220;Per—;145;5;5;2;2635327,1
2013;Loreto - Casoretto - NoLo;20;22914;21371;44285;6248;15708;26469;16759;1291;412;170;264;369;2650;2449;2383;7790;Egitto;3019;Filippine;2791;Cinese, Repubblica Popolare;1493;7;5;3;1747565,53
2013;Maciachini - Maggiolina;12;12330;13676;26006;3706;5402;14166;7632;1139;209;87;97;283;1025;859;2117;6185;Filippine;1017;Cinese, Repubblica Popolare;831;Egitto;578;8;3;2;1674980,95
2013;Magenta - S.Vittore;7;7981;9250;17231;2968;2108;9153;4755;651;146;42;28;151;854;697;1195;3877;Filippine;353;Sri Lanka (ex Ceylon);278;Francia;265;6;6;4;1390146,88
2013;Maggiore - Musocco - Certosa;72;2357;2531;4888;774;772;2539;1181;170;49;21;17;49;144;146;312;1284;Per—;111;Ecuador;90;Egitto;89;2;2;1;3030188,71
2013;Moncucco - San Cristoforo;45;6311;6766;13077;1950;2428;7165;3867;362;132;53;54;128;524;466;775;2996;Egitto;536;Filippine;289;Per—;185;5;1;1;1596174,14
2013;Monlue' - Ponte Lambro;31;2653;2427;5080;1005;1818;2496;1188;86;57;23;36;25;348;229;161;707;Egitto;311;Ecuador;201;Per—;182;1;1;0;2639289,21
2013;Morivione;37;3707;4090;7797;1322;1373;4250;2068;193;77;18;24;125;282;289;568;1643;Filippine;245;Egitto;184;Sri Lanka (ex Ceylon);146;3;2;1;817976,68
2013;Muggiano;54;1512;1516;3028;742;194;1310;490;35;32;14;5;11;74;71;70;315;Egitto;32;Ecuador;24;Per—;23;1;1;0;444218,42
2013;Niguarda - Ca? Granda - Prato Centenaro - Q.re Fulvio Testi;14;17330;19376;36706;5329;5161;19059;8889;1553;263;107;99;445;1145;1012;3152;10187;Egitto;746;Per—;537;Filippine;444;10;6;4;4251281,95
2013;Ortomercato;29;2114;2038;4152;594;1541;2404;1444;177;35;10;26;42;174;183;318;922;Egitto;405;Filippine;254;Per—;134;1;1;0;1402519,65
2013;Padova - Turro - Crescenzago;19;17920;18252;36172;5195;12280;20466;11698;1433;313;117;204;345;1811;1557;2637;7995;Filippine;2630;Egitto;2209;Per—;1179;7;4;3;2061945,5
2013;Pagano;68;7889;9078;16967;3161;1817;8507;4027;656;140;32;28;146;586;472;1324;3931;Filippine;316;Sri Lanka (ex Ceylon);185;Francia;156;2;2;2;1289734,29
2013;Parco Bosco in citta';88;224;233;457;117;187;214;110;8;5;3;2;1;51;45;12;64;Kosovo;58;Macedonia, Repubblica di, Repubblica di;43;Romania;21;0;0;0;7837668,61
2013;Parco dei Navigli;86;175;130;305;60;47;160;66;3;5;3;3;5;19;23;4;25;Romania;11;Bulgaria;9;Albania;8;0;0;0;3617836,27
2013;Parco delle Abbazie;85;262;212;474;130;221;219;120;6;12;8;6;3;17;19;10;41;Romania;79;Montenegro;63;Bosnia-Erzegovina;38;0;0;0;13722000
2013;Parco Forlanini - Cavriano;24;538;450;988;149;309;590;372;27;4;0;3;6;69;43;37;126;Egitto;57;Romania;44;Marocco;29;0;0;0;2925814,52
2013;Parco Nord;84;64;64;128;22;43;70;37;2;0;0;0;0;16;6;3;14;Egitto;8;Cinese, Repubblica Popolare;7;Ucraina;5;1;1;0;1533639,39
2013;Parco Sempione;8;3;0;3;1;0;1;0;0;0;0;0;0;0;0;0;0;;0;;0;;0;0;0;0;470434,33
2013;Porta Garibaldi - Porta Nuova;9;2464;2730;5194;687;767;3068;1805;193;53;21;20;45;293;268;359;1105;Per—;95;Cinese, Repubblica Popolare;91;Sri Lanka (ex Ceylon);53;1;0;0;785668,25
2013;Porta Genova;50;6790;8193;14983;2322;1431;8083;4284;643;128;49;29;158;526;446;1173;3686;Filippine;225;Sri Lanka (ex Ceylon);99;Egitto;97;4;2;0;996786,39
2013;Porta Magenta;51;11757;14634;26391;4246;2913;13998;7237;1173;216;69;49;254;1009;783;2227;6550;Filippine;551;Per—;211;Francia;195;4;3;3;1306450,76
2013;Porta Ticinese - Conca del Naviglio;6;9314;10637;19951;2712;2555;11794;7150;652;168;61;40;159;886;814;1257;4337;Filippine;335;Egitto;306;Cinese, Repubblica Popolare;184;8;3;2;1255064,75
2013;Porta Ticinese - Conchetta;44;8026;9012;17038;2424;2516;10081;6162;592;182;78;51;153;868;745;1074;3418;Egitto;304;Filippine;278;Per—;203;4;1;0;1483927,87
2013;Porta Vigentina - Porta Lodovica;5;6396;7279;13675;2150;1701;7385;3895;552;104;34;21;129;621;491;1145;3358;Filippine;203;Sri Lanka (ex Ceylon);195;Egitto;169;4;3;3;1135239,32
2013;Portello;67;3601;4135;7736;1082;813;4155;2082;401;45;25;8;72;179;206;794;2189;Filippine;127;Per—;113;Cinese, Repubblica Popolare;64;3;3;1;909636,6
2013;Pta Romana;27;7688;8659;16347;2262;1994;9497;5645;585;148;55;35;149;669;662;1047;3458;Filippine;367;Cinese, Repubblica Popolare;135;Per—;125;1;2;1;1002793,53
2013;Q.re Gallaratese - Q.re San Leonardo - Lampugnano;65;15188;17328;32516;4345;2835;15920;6113;1338;196;72;59;431;794;687;3296;11480;Per—;342;Romania;324;Filippine;296;6;6;3;3894538,21
2013;QT 8;66;1821;2196;4017;615;421;2038;961;235;30;9;2;64;121;107;453;1077;Filippine;62;Sri Lanka (ex Ceylon);45;Ucraina;35;3;2;1;1024437,42
2013;Quarto Cagnino;61;4605;4848;9453;1411;927;4478;1758;254;55;23;15;95;212;165;609;2505;Egitto;176;Per—;108;Filippine;100;3;1;1;986391,48
2013;Quarto Oggiaro - Vialba - Musocco;76;15096;16266;31362;5160;6952;14962;6361;1080;224;102;108;376;1153;734;2447;7220;Cinese, Repubblica Popolare;1529;Egitto;969;Filippine;628;7;5;3;2778263,75
2013;Quinto Romano;62;2386;2481;4867;665;456;2311;914;120;22;10;7;29;115;83;248;1134;Egitto;79;Per—;53;Filippine;50;1;1;0;1645859,77
2013;Quintosole;39;573;171;744;75;135;584;102;7;7;0;6;9;70;154;9;89;Albania;36;Egitto;29;Romania;18;0;0;0;1057528,77
2013;Rogoredo - Santa Giulia;33;4830;4552;9382;1837;1718;4820;2417;193;153;44;53;62;361;361;376;1332;Egitto;220;Per—;211;Filippine;154;2;1;1;1200161,64
2013;Ronchetto delle Rane;40;412;374;786;192;132;308;99;15;5;5;0;1;11;13;28;94;Egitto;45;Filippine;23;Per—;15;0;0;0;188870,6
2013;Ronchetto sul Naviglio - Q.re Lodovico il Moro;48;6997;7625;14622;2062;1874;7441;3357;446;128;50;41;155;486;367;1050;4108;Egitto;385;Per—;225;Filippine;209;4;4;3;2406775,2
2013;Roserio;74;138;111;249;37;47;115;40;4;4;4;0;1;13;6;12;46;Cinese, Repubblica Popolare;23;Filippine;4;Ecuador;3;0;0;0;708465,8
2013;San Siro;57;12689;13653;26342;4200;9136;14971;8820;1124;276;115;178;297;1372;1308;2049;5878;Egitto;2789;Filippine;1222;Marocco;722;2;1;0;984925,54
2013;Sarpi;69;13768;16009;29777;4722;5356;16646;9357;1066;319;128;100;269;1245;1107;2055;6188;Cinese, Repubblica Popolare;1989;Filippine;589;Per—;261;4;4;3;1811914,53
2013;Scalo Romana;36;6071;5491;11562;1689;3983;6559;3868;238;116;44;66;75;595;750;484;1996;Egitto;837;Filippine;593;Sri Lanka (ex Ceylon);312;0;1;0;1736727,98
2013;Stadera - Chiesa Rossa - Q.re Torretta - Conca Fallata;42;14750;15500;30250;4752;6059;16202;8369;1034;272;92;94;265;1040;1000;2171;6785;Filippine;1023;Egitto;926;Per—;424;8;5;3;3232237,35
2013;Stadio - Ippodromi;60;6237;6656;12893;2387;2594;6076;2589;368;77;32;25;115;568;410;876;2865;Francia;604;Filippine;364;Per—;183;6;8;4;3435307,37
2013;Stazione Centrale - Ponte Seveso;10;8924;8669;17593;2455;4356;10168;5999;554;128;54;42;149;968;831;1107;3606;Bangladesh;642;Filippine;605;Cinese, Repubblica Popolare;528;3;3;3;1556077,52
2013;Stephenson;75;34;25;59;6;12;27;11;1;2;0;0;0;2;3;3;13;Cinese, Repubblica Popolare;8;Brasile;3;Per—;1;0;0;0;560097,89
2013;Taliedo - Morsenchio - Q.re Forlanini;30;8684;10156;18840;2782;2888;9795;4570;1017;140;58;48;285;589;442;2260;5704;Per—;413;Filippine;328;Egitto;292;5;4;2;3821389,97
2013;Tibaldi;43;5599;6100;11699;1477;2092;6885;4068;505;97;40;29;118;549;451;951;2935;Egitto;409;Filippine;310;Per—;168;2;1;1;786214,31
2013;Tre Torri;59;641;774;1415;272;193;691;319;63;8;3;4;15;50;49;120;326;Francia;31;Filippine;25;Per—;10;0;0;0;513316,34
2013;Trenno;64;2122;2044;4166;546;270;2038;736;97;23;10;0;29;173;153;205;1069;Pakistan;28;Filippine;20;Afghanistan;18;2;0;0;489710,56
2013;Triulzo Superiore;32;896;617;1513;257;1035;909;609;16;16;8;11;4;148;126;31;117;Egitto;264;Sri Lanka (ex Ceylon);167;Per—;114;0;0;0;1395022,03
2013;Umbria - Molise - Calvairate;28;10684;11910;22594;3192;4716;12903;7394;1026;205;75;80;247;1032;908;1819;5349;Filippine;830;Egitto;703;Per—;337;3;1;1;1192396,73
2013;Vigentino - Q.re Fatima;38;6696;7071;13767;2134;1707;6990;3158;387;114;33;29;97;419;389;855;3550;Filippine;211;Egitto;174;Sri Lanka (ex Ceylon);164;4;2;1;1853233,5
2013;Villapizzone - Cagnola - Boldinasco;71;19759;20482;40241;6403;12721;21663;11470;1458;373;148;201;413;1767;1558;2941;8416;Cinese, Repubblica Popolare;2528;Egitto;1889;Filippine;1867;11;8;3;3427070,6
2013;XXII Marzo;26;14078;16721;30799;4534;3210;16841;9059;1240;228;87;48;290;1213;1001;2420;7621;Filippine;565;Per—;277;Sri Lanka (ex Ceylon);198;5;3;3;1637499,71
2014;Adriano;17;7966;7681;15647;3020;3171;7699;3199;270;161;64;57;87;557;520;576;2405;Filippine;561;Egitto;413;Cinese, Repubblica Popolare;374;3;1;0;2431560,11
2014;Affori;80;12021;12017;24038;3999;6844;12495;6333;686;265;101;131;181;1070;899;1395;4793;Cinese, Repubblica Popolare;1644;Egitto;1067;Filippine;1020;6;3;2;2070893,65
2014;Assiano;87;171;153;324;73;36;137;55;7;7;5;5;4;15;10;13;43;Paesi Bassi;12;Serbia, Repubblica di, Repubblica di;5;Ucraina;3;0;0;0;5844580,12
2014;Baggio - Q.re degli Olmi - Q.re Valsesia;55;13987;15435;29422;4625;5098;14401;6070;1013;237;109;94;307;838;820;2312;7846;Filippine;1028;Per—;704;Egitto;564;7;3;2;3478599,96
2014;Bande Nere;52;19652;23638;43290;6077;6343;23786;11909;2144;337;117;111;565;1594;1394;4732;12542;Filippine;1553;Per—;567;Egitto;555;15;7;7;2663880,93
2014;Barona;46;7964;9057;17021;2357;2190;8139;3127;632;98;48;40;217;367;293;1507;5320;Egitto;544;Marocco;238;Filippine;226;3;3;1;2006324,59
2014;Bicocca;15;4086;3952;8038;1410;1304;4225;2117;153;102;39;25;35;348;479;309;1247;Filippine;192;Egitto;189;Cinese, Repubblica Popolare;107;0;0;0;1534521,13
2014;Bovisa;77;6609;6393;13002;1978;4527;7338;4275;430;136;56;73;91;648;602;777;2359;Egitto;1092;Cinese, Repubblica Popolare;756;Filippine;533;4;2;1;1913132,63
2014;Bovisasca;81;3411;3811;7222;1091;935;3400;1260;246;53;19;18;100;187;149;640;1964;Per—;116;Egitto;111;Cinese, Repubblica Popolare;94;3;1;1;1576826,44
2014;Brera;2;8275;9574;17849;2848;2430;10121;5655;685;155;66;32;148;957;844;1224;4174;Filippine;404;Sri Lanka (ex Ceylon);221;Romania;137;6;6;5;1637395,23
2014;Bruzzano;83;6176;6523;12699;2079;2290;6111;2507;328;139;64;58;106;415;344;795;2973;Egitto;363;Per—;249;Ecuador;204;3;2;1;1667691,29
2014;Buenos Aires - Porta Venezia - Porta Monforte;21;28309;32571;60880;9113;7410;33724;18737;2380;479;174;125;510;2701;2238;4409;14170;Filippine;1344;Cinese, Repubblica Popolare;552;Sri Lanka (ex Ceylon);479;9;5;4;2877542,27
2014;Cantalupa;47;250;237;487;82;77;246;121;4;4;1;1;2;8;27;6;83;Egitto;20;Cinese, Repubblica Popolare;9;Per—;7;0;0;0;926716,81
2014;Cascina Merlata;73;552;75;627;14;81;588;6;0;0;0;0;1;90;190;0;27;Marocco;19;Romania;12;Albania;9;0;0;0;1729126,9
2014;Chiaravalle;34;561;545;1106;147;149;545;236;24;5;3;1;12;42;23;51;231;Filippine;20;Bangladesh;19;Sri Lanka (ex Ceylon);19;1;0;0;311640,12
2014;Cimiano - Rottole - Q.re Feltre;18;9081;10561;19642;2765;2939;10482;5229;1105;161;59;62;236;729;574;2183;5752;Filippine;595;Per—;401;Egitto;271;7;4;3;4971969,5
2014;Citta' studi;22;16518;19619;36137;4938;5462;20528;11695;1825;291;108;78;382;1519;1225;3263;9356;Filippine;893;Per—;585;Sri Lanka (ex Ceylon);424;7;8;5;2207487,44
2014;Comasina;82;4649;4778;9427;1753;3033;4511;2019;359;89;41;57;82;336;291;674;1925;Cinese, Repubblica Popolare;887;Egitto;419;Per—;287;3;2;2;926734,56
2014;Corsica;25;8658;10286;18944;2668;2770;10469;5657;900;174;54;47;179;681;621;1709;4789;Filippine;659;Per—;263;Cinese, Repubblica Popolare;215;5;3;3;1081329,7
2014;De Angeli - Monte Rosa;58;9238;11361;20599;3192;2458;11097;5674;844;134;48;23;216;923;736;1768;5163;Filippine;417;Francia;223;Per—;203;3;2;3;1323078,54
2014;Dergano;79;11536;10679;22215;3705;7636;12007;6734;615;229;91;141;143;1010;1047;1242;3892;Egitto;1686;Cinese, Repubblica Popolare;1547;Filippine;983;3;3;3;1358615,04
2014;Duomo;1;7867;8535;16402;2614;2046;9089;5037;573;140;37;40;138;809;751;1051;3661;Filippine;431;Sri Lanka (ex Ceylon);270;Per—;123;4;4;3;2341704,07
2014;Farini;78;2064;1870;3934;559;1416;2303;1383;82;36;14;20;27;221;253;155;619;Egitto;340;Cinese, Repubblica Popolare;306;Filippine;152;0;0;0;1010230,89
2014;Figino;63;834;870;1704;268;297;821;361;46;10;3;6;16;84;54;96;360;Romania;54;Sri Lanka (ex Ceylon);49;Egitto;37;2;2;1;1424713,85
2014;Forze Armate;56;11505;12787;24292;3624;4097;12064;5320;868;199;89;89;257;641;722;1758;6241;Filippine;818;Egitto;606;Per—;476;7;5;2;3206902,39
2014;Ghisolfa;70;8120;9131;17251;2720;2976;9374;4981;779;145;55;53;159;647;557;1439;3896;Cinese, Repubblica Popolare;618;Filippine;561;Egitto;275;0;0;0;1051452,21
2014;Giambellino;49;14986;16703;31689;5201;8004;16933;9103;1291;303;91;174;279;1286;1170;2385;7169;Egitto;1916;Filippine;1376;Sri Lanka (ex Ceylon);650;2;2;2;1965274,21
2014;Giardini P.ta Venezia;3;27;25;52;12;10;19;6;0;2;1;1;0;6;8;1;5;Sri Lanka (ex Ceylon);5;Filippine;3;Francia;1;1;0;0;249646,83
2014;Gorla - Precotto;16;13675;14474;28149;4383;6481;14881;7396;861;299;105;137;232;1123;1121;1812;6390;Filippine;1629;Per—;702;Egitto;675;10;6;2;3005623,49
2014;Gratosoglio - Q.re Missaglia - Q.re Terrazze;41;8815;9814;18629;2912;2614;8664;3292;627;98;47;40;187;561;290;1702;5615;Egitto;432;Filippine;324;Marocco;255;3;4;2;3312818,32
2014;Greco - Segnano;13;7316;7793;15109;2352;3660;8068;4127;661;134;57;61;133;610;586;1263;3422;Filippine;815;Cinese, Repubblica Popolare;552;Egitto;424;2;2;2;1768669,43
2014;Guastalla;4;6821;8071;14892;2280;1847;8151;4415;598;109;34;28;125;596;549;1146;3671;Filippine;402;Sri Lanka (ex Ceylon);307;Per—;99;6;7;9;1548020,74
2014;Isola;11;10843;11528;22371;3167;4104;12910;7614;780;235;95;80;195;951;1046;1498;4674;Cinese, Repubblica Popolare;644;Egitto;605;Filippine;545;3;2;2;1322966,34
2014;Lambrate - Ortica;23;5099;5416;10515;1802;2026;5644;2909;314;91;35;22;123;463;368;740;2073;Filippine;420;Egitto;281;Per—;167;5;4;2;3096861,87
2014;Lodi - Corvetto;35;17219;18679;35898;5363;9018;19751;10473;1543;309;113;157;409;1499;1254;3119;8848;Filippine;1610;Egitto;1458;Per—;848;9;7;4;3639092,52
2014;Lorenteggio;53;6306;7064;13370;2084;1902;6613;2880;676;98;36;41;177;373;329;1482;3805;Egitto;444;Filippine;215;Romania;143;5;5;2;2635327,1
2014;Loreto - Casoretto - NoLo;20;22408;21365;43773;6332;15049;25741;16053;1314;427;146;220;339;2656;2317;2435;7827;Filippine;2842;Egitto;2794;Cinese, Repubblica Popolare;1609;7;5;3;1747565,53
2014;Maciachini - Maggiolina;12;12277;13657;25934;3773;5197;13994;7454;1155;212;95;80;239;963;970;2147;6213;Filippine;989;Cinese, Repubblica Popolare;887;Egitto;596;8;3;2;1674980,95
2014;Magenta - S.Vittore;7;7879;9194;17073;2955;1839;8958;4556;648;139;45;24;151;772;651;1221;3912;Filippine;344;Sri Lanka (ex Ceylon);237;Francia;200;6;6;4;1390146,88
2014;Maggiore - Musocco - Certosa;72;2374;2547;4921;801;762;2518;1131;167;51;17;17;41;150;109;326;1328;Per—;107;Egitto;92;Ecuador;85;2;2;1;3030188,71
2014;Moncucco - San Cristoforo;45;6347;6776;13123;2021;2418;7119;3777;372;133;55;52;121;433;464;813;3024;Egitto;584;Filippine;273;Per—;175;5;1;1;1596174,14
2014;Monlue' - Ponte Lambro;31;2697;2415;5112;1020;1803;2497;1091;90;60;35;40;21;333;304;171;749;Egitto;275;Ecuador;195;Per—;184;1;1;0;2639289,21
2014;Morivione;37;3672;4031;7703;1327;1285;4115;1927;187;69;32;22;115;361;258;565;1667;Filippine;240;Egitto;167;Cinese, Repubblica Popolare;123;3;2;1;817976,68
2014;Muggiano;54;1517;1543;3060;743;205;1308;476;37;39;12;4;6;81;48;75;327;Egitto;31;Ecuador;29;Per—;25;1;1;0;444218,42
2014;N.D.;;0;0;0;0;0;0;0;0;0;0;0;0;0;1;0;0;;0;;0;;0;0;0;0;0
2014;Niguarda - Ca? Granda - Prato Centenaro - Q.re Fulvio Testi;14;17318;19402;36720;5402;5005;18914;8692;1612;271;115;74;414;1186;852;3288;10198;Egitto;734;Per—;522;Filippine;481;10;6;4;4251281,95
2014;Ortomercato;29;2109;2043;4152;627;1532;2359;1394;179;48;18;29;31;212;205;318;906;Egitto;447;Filippine;237;Per—;133;1;1;0;1402519,65
2014;Padova - Turro - Crescenzago;19;17687;18336;36023;5307;12056;19992;11122;1436;335;142;216;299;1638;1484;2756;8015;Filippine;2698;Egitto;2129;Per—;1176;7;4;3;2061945,5
2014;Pagano;68;7883;8995;16878;3099;1589;8393;3897;673;107;39;19;141;555;497;1358;4001;Filippine;285;Sri Lanka (ex Ceylon);150;Francia;123;2;2;2;1289734,29
2014;Parco Bosco in citta';88;224;223;447;112;176;217;99;8;4;2;3;4;27;18;11;67;Kosovo;47;Macedonia, Repubblica di, Repubblica di;34;Romania;34;0;0;0;7837668,61
2014;Parco dei Navigli;86;177;126;303;58;44;160;61;2;4;2;1;1;14;12;4;24;Romania;13;Albania;9;Bulgaria;8;0;0;0;3617836,27
2014;Parco delle Abbazie;85;249;221;470;133;206;204;103;5;11;4;4;1;37;15;10;43;Romania;75;Montenegro;62;Bosnia-Erzegovina;35;0;0;0;13722000
2014;Parco Forlanini - Cavriano;24;519;435;954;143;289;564;356;24;9;4;2;5;71;49;33;125;Egitto;54;Romania;45;Ecuador;22;0;0;0;2925814,52
2014;Parco Nord;84;46;54;100;19;28;49;22;2;1;0;1;0;19;2;3;15;Egitto;6;Ucraina;6;Cinese, Repubblica Popolare;5;1;1;0;1533639,39
2014;Parco Sempione;8;3;0;3;1;0;1;0;0;0;0;0;0;0;0;0;0;;0;;0;;0;0;0;0;470434,33
2014;Porta Garibaldi - Porta Nuova;9;2509;2766;5275;699;721;3106;1812;188;57;22;18;64;229;259;366;1124;Per—;97;Cinese, Repubblica Popolare;94;Sri Lanka (ex Ceylon);55;1;0;0;785668,25
2014;Porta Genova;50;6728;8139;14867;2338;1224;7963;4195;619;106;31;24;155;507;427;1176;3668;Filippine;207;Sri Lanka (ex Ceylon);92;Egitto;75;4;2;0;996786,39
2014;Porta Magenta;51;11759;14523;26282;4213;2559;13861;7076;1171;221;75;49;243;944;832;2260;6577;Filippine;546;Per—;178;Francia;166;4;3;3;1306450,76
2014;Porta Ticinese - Conca del Naviglio;6;9056;10542;19598;2706;2130;11415;6804;681;162;75;39;177;922;729;1310;4364;Filippine;329;Egitto;242;Cinese, Repubblica Popolare;170;8;3;2;1255064,75
2014;Porta Ticinese - Conchetta;44;7981;9015;16996;2440;2261;9992;6075;586;191;71;40;131;746;726;1087;3426;Egitto;269;Filippine;240;Per—;170;4;1;0;1483927,87
2014;Porta Vigentina - Porta Lodovica;5;6277;7271;13548;2180;1452;7213;3701;559;91;33;24;132;540;440;1185;3388;Filippine;197;Sri Lanka (ex Ceylon);176;Egitto;134;4;3;3;1135239,32
2014;Portello;67;3630;4170;7800;1124;743;4152;2073;414;59;15;11;86;255;201;804;2182;Per—;114;Filippine;103;Cinese, Repubblica Popolare;65;3;3;1;909636,6
2014;Pta Romana;27;7598;8619;16217;2239;1697;9357;5493;586;148;68;26;116;695;655;1080;3508;Filippine;317;Cinese, Repubblica Popolare;122;Per—;116;1;2;1;1002793,53
2014;Q.re Gallaratese - Q.re San Leonardo - Lampugnano;65;15136;17345;32481;4368;2845;15931;6145;1458;169;67;42;403;739;668;3572;11466;Romania;355;Per—;324;Filippine;319;6;6;3;3894538,21
2014;QT 8;66;1836;2207;4043;642;386;2045;972;249;32;13;4;50;111;94;448;1087;Filippine;60;Sri Lanka (ex Ceylon);44;Ucraina;36;3;2;1;1024437,42
2014;Quarto Cagnino;61;4541;4854;9395;1388;882;4456;1768;268;59;21;14;94;232;192;648;2551;Egitto;166;Cinese, Repubblica Popolare;106;Filippine;104;3;1;1;986391,48
2014;Quarto Oggiaro - Vialba - Musocco;76;14874;16168;31042;5190;6756;14638;6095;1107;254;117;117;330;1084;681;2511;7222;Cinese, Repubblica Popolare;1531;Egitto;899;Filippine;651;7;5;3;2778263,75
2014;Quinto Romano;62;2352;2457;4809;657;419;2276;880;123;37;19;8;52;150;85;264;1163;Egitto;65;Filippine;55;Per—;49;1;1;0;1645859,77
2014;Quintosole;39;632;160;792;70;138;642;98;8;2;2;1;1;92;129;17;101;Egitto;32;Albania;29;Marocco;19;0;0;0;1057528,77
2014;Rogoredo - Santa Giulia;33;4992;4760;9752;1977;1884;4906;2428;187;116;34;34;62;343;302;386;1370;Egitto;270;Per—;219;Filippine;181;2;1;1;1200161,64
2014;Ronchetto delle Rane;40;406;371;777;177;127;302;90;15;5;2;0;4;14;7;31;100;Egitto;42;Filippine;22;Per—;13;0;0;0;188870,6
2014;Ronchetto sul Naviglio - Q.re Lodovico il Moro;48;6963;7641;14604;2071;1775;7414;3352;492;119;55;34;134;494;376;1138;4174;Egitto;373;Per—;207;Filippine;196;4;4;3;2406775,2
2014;Roserio;74;138;115;253;39;50;115;44;3;2;1;1;1;10;15;12;53;Cinese, Repubblica Popolare;27;Filippine;7;Bolivia;3;0;0;0;708465,8
2014;San Siro;57;12732;13805;26537;4469;9256;14785;8543;1153;297;93;214;258;1240;1362;2061;5857;Egitto;2947;Filippine;1249;Romania;736;2;1;0;984925,54
2014;Sarpi;69;13591;15920;29511;4724;4878;16359;9114;1088;266;115;87;246;1332;1107;2101;6224;Cinese, Repubblica Popolare;2021;Filippine;563;Per—;223;5;4;3;1811914,53
2014;Scalo Romana;36;6110;5551;11661;1709;3984;6577;3847;238;93;26;53;73;637;680;522;2065;Egitto;850;Filippine;637;Bangladesh;364;0;1;0;1736727,98
2014;Stadera - Chiesa Rossa - Q.re Torretta - Conca Fallata;42;14563;15349;29912;4818;5886;15865;8085;1061;276;107;108;289;1256;857;2272;6774;Filippine;1051;Egitto;855;Per—;436;8;5;3;3232237,35
2014;Stadio - Ippodromi;60;5995;6486;12481;2311;2116;5879;2444;372;98;40;32;118;811;382;925;2897;Filippine;383;Francia;356;Per—;158;6;8;4;3435307,37
2014;Stazione Centrale - Ponte Seveso;10;8862;8594;17456;2446;4119;9999;5822;561;153;66;73;130;877;838;1124;3618;Bangladesh;681;Filippine;594;Cinese, Repubblica Popolare;512;3;3;3;1556077,52
2014;Stephenson;75;44;33;77;10;20;34;14;1;0;0;0;0;2;6;3;17;Cinese, Repubblica Popolare;7;Filippine;4;Sri Lanka (ex Ceylon);4;0;0;0;560097,89
2014;Taliedo - Morsenchio - Q.re Forlanini;30;8729;10204;18933;2807;2911;9767;4517;1058;128;52;48;225;540;513;2359;5646;Per—;435;Filippine;363;Egitto;266;5;4;2;3821389,97
2014;Tibaldi;43;5451;6036;11487;1425;1918;6719;3926;501;79;30;28;89;615;456;982;2954;Egitto;350;Filippine;311;Per—;144;2;1;1;786214,31
2014;Tre Torri;59;740;849;1589;313;205;765;345;60;9;1;5;15;49;74;116;348;Francia;40;Filippine;26;Per—;12;0;0;0;513316,34
2014;Trenno;64;2126;2028;4154;527;294;2056;713;102;14;7;0;26;159;165;231;1118;Pakistan;32;Eritrea;29;Afghanistan;25;2;0;0;489710,56
2014;Triulzo Superiore;32;891;622;1513;274;1044;865;557;15;28;8;24;8;130;102;29;113;Egitto;253;Sri Lanka (ex Ceylon);156;Filippine;127;0;0;0;1395022,03
2014;Umbria - Molise - Calvairate;28;10523;11791;22314;3247;4405;12584;7104;1023;208;74;82;230;834;803;1847;5299;Filippine;807;Egitto;620;Per—;304;3;1;1;1192396,73
2014;Vigentino - Q.re Fatima;38;6755;7178;13933;2218;1677;7014;3118;411;119;40;27;96;470;396;932;3632;Filippine;226;Egitto;177;Ecuador;154;4;2;1;1853233,5
2014;Villapizzone - Cagnola - Boldinasco;71;19514;20475;39989;6487;12507;21166;10971;1462;403;173;235;418;1744;1528;2945;8384;Cinese, Repubblica Popolare;2631;Filippine;1931;Egitto;1784;11;8;3;3427070,6
2014;XXII Marzo;26;14193;16787;30980;4628;2901;16788;8922;1252;258;89;54;309;1014;1027;2446;7643;Filippine;525;Per—;258;Sri Lanka (ex Ceylon);183;5;3;3;1637499,71
2015;Adriano;17;8191;7800;15991;3043;3342;7883;3216;285;150;57;60;107;357;547;605;2440;Filippine;530;Egitto;457;Cinese, Repubblica Popolare;372;4;1;0;2431560,11
2015;Affori;80;12254;12286;24540;4110;7125;12679;6424;707;249;90;136;188;553;879;1452;4835;Cinese, Repubblica Popolare;1743;Egitto;1136;Filippine;1080;6;3;2;2070893,65
2015;Assiano;87;166;158;324;72;41;140;57;8;4;4;1;2;18;12;12;46;Paesi Bassi;12;Serbia, Repubblica di, Repubblica di;4;Ucraina;4;0;0;0;5844580,12
2015;Baggio - Q.re degli Olmi - Q.re Valsesia;55;14042;15506;29548;4665;5302;14440;6120;1047;224;104;98;350;585;719;2440;7866;Filippine;1041;Per—;708;Egitto;607;7;3;2;3478599,96
2015;Bande Nere;52;19828;23779;43607;6140;6597;23931;11973;2196;332;110;119;665;952;1440;4889;12504;Filippine;1562;Egitto;598;Per—;569;15;7;7;2663880,93
2015;Barona;46;7878;8926;16804;2307;2171;8053;3148;647;86;35;36;241;357;226;1529;5295;Egitto;499;Filippine;253;Marocco;219;3;3;1;2006324,59
2015;Bicocca;15;4170;4054;8224;1470;1322;4290;2129;151;109;36;22;44;244;390;322;1268;Filippine;204;Egitto;193;Cinese, Repubblica Popolare;123;0;0;0;1534521,13
2015;Bovisa;77;6849;6568;13417;2071;4751;7580;4448;437;118;44;62;109;361;677;786;2370;Egitto;1137;Cinese, Repubblica Popolare;813;Filippine;553;4;2;1;1913132,63
2015;Bovisasca;81;3363;3745;7108;1070;932;3383;1291;259;48;22;20;104;174;153;648;1957;Per—;114;Egitto;109;Cinese, Repubblica Popolare;98;3;1;1;1576826,44
2015;Brera;2;8322;9549;17871;2863;2471;10115;5622;660;143;55;46;160;629;810;1231;4141;Filippine;402;Sri Lanka (ex Ceylon);190;Romania;137;5;5;3;1637395,23
2015;Bruzzano;83;6254;6588;12842;2130;2368;6166;2544;334;111;46;54;113;296;337;820;3024;Egitto;373;Per—;233;Ecuador;216;3;2;1;1667691,29
2015;Buenos Aires - Porta Venezia - Porta Monforte;21;28512;32690;61202;9133;7456;33864;18785;2417;457;176;98;557;1530;2274;4502;14228;Filippine;1318;Cinese, Repubblica Popolare;615;Sri Lanka (ex Ceylon);467;9;5;4;2877542,27
2015;Cantalupa;47;247;229;476;71;70;241;115;5;1;1;0;1;20;18;10;89;Egitto;14;Cinese, Repubblica Popolare;9;Per—;7;0;0;0;926716,81
2015;Cascina Merlata;73;623;93;716;14;121;679;7;0;0;0;0;1;61;154;1;32;Marocco;24;Romania;23;Albania;17;0;0;0;1729126,9
2015;Chiaravalle;34;551;535;1086;139;149;539;233;30;7;4;3;6;38;14;56;246;Filippine;27;Bangladesh;17;Egitto;15;1;0;0;311640,12
2015;Cimiano - Rottole - Q.re Feltre;18;9021;10504;19525;2766;2968;10443;5247;1118;146;54;52;250;515;574;2202;5690;Filippine;586;Per—;385;Egitto;277;7;4;3;4971969,5
2015;Citta' studi;22;16553;19491;36044;4941;5395;20449;11653;1798;292;101;82;420;888;1075;3259;9279;Filippine;917;Per—;547;Sri Lanka (ex Ceylon);425;7;8;5;2207487,44
2015;Comasina;82;4675;4774;9449;1754;3031;4499;2002;357;87;32;50;99;256;233;668;1906;Cinese, Repubblica Popolare;905;Egitto;420;Per—;265;3;2;2;926734,56
2015;Corsica;25;8766;10320;19086;2702;2797;10506;5666;884;163;61;37;206;447;631;1698;4758;Filippine;659;Per—;248;Cinese, Repubblica Popolare;223;5;3;3;1081329,7
2015;De Angeli - Monte Rosa;58;9259;11338;20597;3178;2468;11112;5687;867;170;50;39;228;547;693;1806;5125;Filippine;407;Francia;235;Per—;192;3;2;3;1323078,54
2015;Dergano;79;11784;10785;22569;3734;7899;12257;6931;624;214;89;124;169;582;949;1260;3914;Egitto;1763;Cinese, Repubblica Popolare;1594;Filippine;1005;3;3;3;1358615,04
2015;Duomo;1;7965;8669;16634;2693;2077;9214;5124;578;157;57;35;122;496;828;1077;3684;Filippine;409;Sri Lanka (ex Ceylon);256;Francia;119;4;4;3;2341704,07
2015;Farini;78;2093;1883;3976;592;1465;2286;1360;89;50;23;26;30;125;168;162;622;Egitto;360;Cinese, Repubblica Popolare;344;Filippine;139;0;0;0;1010230,89
2015;Figino;63;951;985;1936;336;393;925;392;44;15;5;8;17;39;93;100;391;Romania;60;Sri Lanka (ex Ceylon);59;Egitto;52;2;2;1;1424713,85
2015;Forze Armate;56;11511;12756;24267;3656;4220;12073;5388;881;183;58;70;257;544;613;1809;6267;Filippine;854;Egitto;659;Per—;465;7;6;2;3206902,39
2015;Ghisolfa;70;8207;9245;17452;2749;3034;9455;5028;780;173;61;60;171;410;580;1436;3893;Cinese, Repubblica Popolare;663;Filippine;538;Egitto;284;0;0;0;1051452,21
2015;Giambellino;49;14945;16643;31588;5190;8035;16769;8983;1293;268;84;135;312;843;969;2418;7124;Egitto;1894;Filippine;1402;Sri Lanka (ex Ceylon);699;2;2;2;1965274,21
2015;Giardini P.ta Venezia;3;28;27;55;10;14;22;8;1;1;1;0;0;1;1;2;6;Sri Lanka (ex Ceylon);8;Filippine;4;Francia;1;1;0;0;249646,83
2015;Gorla - Precotto;16;13829;14629;28458;4481;6614;14945;7408;875;250;103;121;251;710;1045;1896;6411;Filippine;1685;Per—;704;Egitto;693;9;6;2;3005623,49
2015;Gratosoglio - Q.re Missaglia - Q.re Terrazze;41;8835;9893;18728;2966;2659;8657;3303;690;110;52;44;242;519;395;1840;5566;Egitto;424;Filippine;359;Marocco;243;3;4;2;3312818,32
2015;Greco - Segnano;13;7424;7822;15246;2377;3756;8115;4192;680;151;63;63;151;422;591;1263;3406;Filippine;830;Cinese, Repubblica Popolare;580;Egitto;437;2;2;2;1768669,43
2015;Guastalla;4;6838;8091;14929;2305;1844;8132;4379;584;122;37;23;147;422;560;1147;3696;Filippine;378;Sri Lanka (ex Ceylon);304;Per—;94;6;7;9;1548020,74
2015;Isola;11;10966;11637;22603;3218;4172;13066;7733;791;202;81;63;210;566;894;1512;4652;Cinese, Repubblica Popolare;678;Egitto;615;Filippine;532;3;2;2;1322966,34
2015;Lambrate - Ortica;23;5350;5648;10998;1900;2060;5895;3048;323;116;44;40;109;274;442;780;2122;Filippine;429;Egitto;282;Per—;162;6;4;2;3096861,87
2015;Lodi - Corvetto;35;17350;18752;36102;5468;9242;19818;10591;1540;322;138;164;461;951;1211;3147;8770;Filippine;1678;Egitto;1455;Per—;842;9;7;4;3639092,52
2015;Lorenteggio;53;6445;7234;13679;2159;1965;6776;2973;663;78;27;26;197;250;383;1488;3741;Egitto;439;Filippine;213;Per—;146;5;4;2;2635327,1
2015;Loreto - Casoretto - NoLo;20;22836;21501;44337;6438;15401;26023;16258;1315;411;149;227;360;1306;2148;2456;7807;Filippine;2887;Egitto;2866;Cinese, Repubblica Popolare;1689;7;5;4;1747565,53
2015;Maciachini - Maggiolina;12;12386;13634;26020;3793;5269;14039;7500;1168;224;80;100;276;576;799;2155;6214;Filippine;957;Cinese, Repubblica Popolare;918;Egitto;642;8;3;2;1674980,95
2015;Magenta - S.Vittore;7;8006;9258;17264;3002;1854;9029;4584;645;146;35;22;161;454;674;1236;3925;Filippine;330;Sri Lanka (ex Ceylon);230;Francia;220;5;6;4;1390146,88
2015;Maggiore - Musocco - Certosa;72;2386;2565;4951;815;823;2526;1143;164;39;15;21;57;100;133;330;1326;Per—;113;Egitto;111;Ecuador;84;2;2;1;3030188,71
2015;Moncucco - San Cristoforo;45;6488;6894;13382;2098;2534;7250;3863;398;106;40;34;121;297;519;861;3075;Egitto;648;Filippine;266;Sri Lanka (ex Ceylon);189;4;1;1;1596174,14
2015;Monlue' - Ponte Lambro;31;2689;2394;5083;986;1781;2487;1072;96;49;28;26;41;236;219;177;746;Egitto;268;Ecuador;198;Per—;190;1;1;0;2639289,21
2015;Morivione;37;3673;4001;7674;1323;1287;4119;1961;190;70;23;32;117;201;272;582;1656;Filippine;244;Egitto;165;Cinese, Repubblica Popolare;121;2;2;1;817976,68
2015;Muggiano;54;1524;1537;3061;749;203;1301;465;34;27;11;7;12;54;42;76;334;Ecuador;29;Egitto;27;Per—;24;1;1;0;444218,42
2015;N.D.;;0;0;0;0;0;0;0;0;0;0;0;1;1;1;0;0;;0;;0;;0;0;0;0;0
2015;Niguarda - Ca? Granda - Prato Centenaro - Q.re Fulvio Testi;14;17289;19272;36561;5384;5093;18812;8678;1637;272;121;89;438;916;784;3376;10098;Egitto;725;Per—;510;Filippine;509;10;6;4;4251281,95
2015;Ortomercato;29;2141;2068;4209;635;1595;2426;1439;181;38;17;22;46;120;185;320;894;Egitto;448;Filippine;231;Cinese, Repubblica Popolare;139;1;1;1;1402519,65
2015;Padova - Turro - Crescenzago;19;17968;18466;36434;5388;12344;20177;11281;1455;325;106;203;345;903;1435;2825;8007;Filippine;2671;Egitto;2261;Cinese, Repubblica Popolare;1165;7;4;3;2061945,5
2015;Pagano;68;7859;9037;16896;3060;1569;8412;3912;681;135;42;25;167;395;504;1371;4034;Filippine;275;Sri Lanka (ex Ceylon);138;Francia;118;2;2;2;1289734,29
2015;Parco Bosco in citta';88;216;222;438;111;169;217;92;5;10;7;4;4;30;18;10;69;Romania;48;Kosovo;36;Macedonia, Repubblica di, Repubblica di;18;0;0;0;7837668,61
2015;Parco dei Navigli;86;173;132;305;58;46;154;63;2;1;0;0;0;13;6;4;26;Albania;9;Bulgaria;9;Romania;8;0;0;0;3617836,27
2015;Parco delle Abbazie;85;241;218;459;131;205;195;98;3;11;9;5;2;31;8;7;39;Romania;74;Montenegro;61;Bosnia-Erzegovina;37;0;0;0;13722000
2015;Parco Forlanini - Cavriano;24;540;448;988;151;313;582;343;22;14;12;7;3;46;70;36;124;Egitto;54;Romania;47;Filippine;22;0;0;0;2925814,52
2015;Parco Nord;84;47;47;94;18;23;49;24;2;1;0;1;1;5;3;3;14;Egitto;6;Cinese, Repubblica Popolare;5;Filippine;3;1;1;0;1533639,39
2015;Parco Sempione;8;3;0;3;1;0;1;0;0;0;0;0;0;0;0;0;0;;0;;0;;0;0;0;0;470434,33
2015;Porta Garibaldi - Porta Nuova;9;2517;2770;5287;704;709;3124;1833;196;53;23;15;48;215;269;370;1139;Cinese, Repubblica Popolare;100;Per—;81;Sri Lanka (ex Ceylon);51;1;0;0;785668,25
2015;Porta Genova;50;6782;8185;14967;2334;1208;7990;4185;623;101;36;17;139;298;466;1192;3701;Filippine;198;Sri Lanka (ex Ceylon);87;Egitto;83;4;2;0;996786,39
2015;Porta Magenta;51;11790;14561;26351;4206;2559;13899;7142;1170;221;84;47;265;549;823;2266;6577;Filippine;509;Francia;193;Ucraina;171;4;3;3;1306450,76
2015;Porta Ticinese - Conca del Naviglio;6;9068;10543;19611;2716;2122;11420;6830;689;177;57;37;172;503;734;1328;4371;Filippine;315;Egitto;250;Cinese, Repubblica Popolare;182;9;3;2;1255064,75
2015;Porta Ticinese - Conchetta;44;8023;9057;17080;2510;2277;10015;6108;595;191;78;56;160;485;648;1089;3420;Egitto;274;Filippine;244;Romania;169;4;1;0;1483927,87
2015;Porta Vigentina - Porta Lodovica;5;6259;7287;13546;2168;1471;7223;3744;554;94;33;24;144;299;478;1182;3364;Filippine;190;Sri Lanka (ex Ceylon);174;Egitto;138;4;3;3;1135239,32
2015;Portello;67;3692;4216;7908;1157;783;4195;2080;387;68;24;17;102;151;288;775;2159;Per—;114;Filippine;100;Cinese, Repubblica Popolare;72;3;3;1;909636,6
2015;Pta Romana;27;7610;8661;16271;2221;1708;9430;5575;575;140;47;30;162;487;736;1078;3509;Filippine;318;Cinese, Repubblica Popolare;118;Per—;113;1;2;1;1002793,53
2015;Q.re Gallaratese - Q.re San Leonardo - Lampugnano;65;14923;17210;32133;4260;2885;15851;6218;1546;171;64;51;490;692;682;3804;11281;Romania;362;Filippine;320;Per—;296;6;6;3;3894538,21
2015;QT 8;66;1856;2230;4086;645;417;2063;971;241;24;12;2;49;72;105;454;1078;Filippine;53;Sri Lanka (ex Ceylon);46;Cinese, Repubblica Popolare;38;3;2;1;1024437,42
2015;Quarto Cagnino;61;4658;5008;9666;1462;945;4573;1809;275;75;30;21;83;127;229;691;2571;Egitto;181;Cinese, Repubblica Popolare;113;Filippine;113;3;1;1;986391,48
2015;Quarto Oggiaro - Vialba - Musocco;76;14894;16105;30999;5203;6872;14633;6132;1115;229;117;106;435;712;537;2523;7134;Cinese, Repubblica Popolare;1579;Egitto;904;Filippine;668;6;5;3;2778263,75
2015;Quinto Romano;62;2318;2450;4768;655;438;2253;868;130;27;7;12;37;87;72;296;1189;Egitto;69;Filippine;54;Per—;47;1;1;0;1645859,77
2015;Quintosole;39;645;158;803;64;143;656;94;7;3;0;2;10;67;100;15;104;Egitto;33;Albania;27;Romania;18;0;0;0;1057528,77
2015;Rogoredo - Santa Giulia;33;5064;4853;9917;2046;1981;4917;2390;190;113;36;33;62;274;286;401;1416;Egitto;292;Per—;207;Filippine;204;2;1;1;1200161,64
2015;Ronchetto delle Rane;40;395;363;758;164;116;299;90;14;2;1;0;5;18;7;31;102;Egitto;38;Filippine;22;Sri Lanka (ex Ceylon);11;0;0;0;188870,6
2015;Ronchetto sul Naviglio - Q.re Lodovico il Moro;48;6929;7670;14599;2078;1779;7394;3338;512;104;37;38;160;323;313;1205;4187;Egitto;385;Per—;195;Filippine;182;4;4;3;2406775,2
2015;Roserio;74;138;115;253;34;52;119;47;5;1;1;0;2;7;10;12;56;Cinese, Repubblica Popolare;29;Filippine;5;Bolivia;3;0;0;0;708465,8
2015;San Siro;57;12799;13835;26634;4630;9477;14694;8449;1141;285;97;195;289;683;933;2041;5773;Egitto;3104;Filippine;1226;Romania;836;2;1;0;984925,54
2015;Sarpi;69;13732;16096;29828;4850;4989;16534;9211;1080;276;130;72;297;830;1163;2111;6219;Cinese, Repubblica Popolare;2119;Filippine;549;Sri Lanka (ex Ceylon);215;5;4;3;1811914,53
2015;Scalo Romana;36;6428;5615;12043;1757;4280;6859;3968;241;107;38;66;80;368;699;543;2091;Egitto;895;Filippine;661;Bangladesh;394;0;1;0;1736727,98
2015;Stadera - Chiesa Rossa - Q.re Torretta - Conca Fallata;42;14610;15311;29921;4851;5906;15807;8029;1083;270;116;99;297;728;882;2328;6750;Filippine;1061;Egitto;883;Per—;413;8;5;3;3232237,35
2015;Stadio - Ippodromi;60;6040;6499;12539;2302;2150;5894;2445;385;95;40;35;121;331;424;962;2921;Filippine;427;Francia;380;Per—;156;6;8;4;3435307,37
2015;Stazione Centrale - Ponte Seveso;10;9131;8705;17836;2469;4384;10315;6142;573;155;51;67;147;512;961;1118;3614;Bangladesh;705;Filippine;609;Cinese, Repubblica Popolare;549;3;3;3;1556077,52
2015;Stephenson;75;47;36;83;9;24;38;15;1;0;0;0;0;2;4;2;16;Cinese, Repubblica Popolare;7;Filippine;5;Sri Lanka (ex Ceylon);4;0;0;0;560097,89
2015;Taliedo - Morsenchio - Q.re Forlanini;30;8837;10185;19022;2829;3035;9815;4566;1093;118;51;40;309;380;460;2422;5504;Per—;436;Filippine;389;Romania;261;5;4;2;3821389,97
2015;Tibaldi;43;5463;6006;11469;1407;1907;6746;3979;509;95;35;40;121;318;485;1012;2913;Egitto;348;Filippine;295;Per—;141;2;1;1;786214,31
2015;Tre Torri;59;835;932;1767;350;238;850;392;61;11;0;3;14;30;136;117;356;Francia;47;Filippine;28;Spagna;16;0;0;0;513316,34
2015;Trenno;64;2127;2066;4193;553;314;2052;707;109;18;8;4;31;119;141;247;1162;Eritrea;31;Pakistan;30;Filippine;28;2;0;0;489710,56
2015;Triulzo Superiore;32;943;658;1601;305;1095;896;565;16;16;4;13;3;73;107;28;111;Egitto;265;Sri Lanka (ex Ceylon);178;Filippine;147;0;0;0;1395022,03
2015;Umbria - Molise - Calvairate;28;10586;11816;22402;3295;4398;12626;7145;1047;188;59;67;202;544;721;1896;5309;Filippine;787;Egitto;610;Per—;294;3;1;0;1192396,73
2015;Vigentino - Q.re Fatima;38;6838;7285;14123;2236;1698;7098;3155;450;108;30;30;110;297;362;1013;3683;Filippine;235;Egitto;169;Sri Lanka (ex Ceylon);143;4;2;1;1853233,5
2015;Villapizzone - Cagnola - Boldinasco;71;19761;20722;40483;6624;12894;21357;11062;1489;376;154;206;418;984;1364;2983;8409;Cinese, Repubblica Popolare;2793;Filippine;1967;Egitto;1820;11;8;3;3427070,6
2015;XXII Marzo;26;14253;16869;31122;4695;2931;16858;8981;1279;223;86;29;308;693;965;2474;7718;Filippine;496;Per—;257;Sri Lanka (ex Ceylon);182;5;3;3;1637499,71
2016;Adriano;17;8459;7972;16431;3083;3581;8128;3292;286;163;60;63;97;438;625;622;2492;Filippine;538;Egitto;486;Cinese, Repubblica Popolare;390;4;1;0;2431560,11
2016;Affori;80;12343;12395;24738;4166;7143;12798;6511;736;250;91;121;191;687;782;1514;4863;Cinese, Repubblica Popolare;1766;Egitto;1171;Filippine;1096;6;3;2;2070893,65
2016;Assiano;87;157;140;297;69;29;133;56;6;6;3;1;8;44;23;11;40;Ucraina;5;Marocco;4;Serbia, Repubblica di, Repubblica di;4;0;0;0;5844580,12
2016;Baggio - Q.re degli Olmi - Q.re Valsesia;55;14054;15527;29581;4631;5364;14485;6198;1100;216;103;95;338;724;751;2578;7877;Filippine;1049;Per—;707;Egitto;619;7;3;2;3478599,96
2016;Bande Nere;52;19888;23862;43750;6120;6759;24020;12137;2243;357;125;142;661;1098;1412;4948;12380;Filippine;1619;Egitto;600;Per—;563;13;7;6;2663880,93
2016;Barona;46;7910;8962;16872;2295;2230;8202;3309;698;102;50;43;224;346;275;1597;5353;Egitto;518;Filippine;272;Marocco;196;3;3;1;2006324,59
2016;Bicocca;15;4294;4137;8431;1517;1406;4406;2171;147;104;36;26;53;267;401;337;1290;Egitto;211;Filippine;208;Cinese, Repubblica Popolare;141;0;0;0;1534521,13
2016;Bovisa;77;7057;6685;13742;2157;4904;7754;4564;443;136;50;93;103;404;610;799;2385;Egitto;1198;Cinese, Repubblica Popolare;864;Filippine;566;4;2;1;1913132,63
2016;Bovisasca;81;3362;3708;7070;1056;914;3369;1307;262;49;24;16;97;197;140;654;1953;Cinese, Repubblica Popolare;104;Egitto;102;Per—;97;3;1;1;1576826,44
2016;Brera;2;8320;9636;17956;2914;2456;10114;5574;653;116;49;25;165;631;895;1218;4134;Filippine;393;Sri Lanka (ex Ceylon);180;Romania;128;5;5;3;1637395,23
2016;Bruzzano;83;6258;6610;12868;2163;2367;6166;2542;349;117;49;47;126;343;306;850;3060;Egitto;384;Per—;225;Ecuador;209;3;2;1;1667691,29
2016;Buenos Aires - Porta Venezia - Porta Monforte;21;28725;32831;61556;9151;7412;34146;19055;2447;480;180;121;562;1492;2306;4549;14281;Filippine;1319;Cinese, Repubblica Popolare;669;Sri Lanka (ex Ceylon);466;9;5;4;2877542,27
2016;Cantalupa;47;258;240;498;76;73;248;116;3;3;2;2;5;21;25;9;87;Egitto;15;Cinese, Repubblica Popolare;12;Ecuador;5;0;0;0;926716,81
2016;Cascina Merlata;73;658;94;752;12;144;717;4;0;0;0;0;0;82;125;2;36;Marocco;36;Romania;25;Albania;24;0;0;0;1729126,9
2016;Chiaravalle;34;549;517;1066;130;146;540;239;29;4;1;1;10;35;17;59;254;Filippine;22;Egitto;17;Romania;16;1;0;0;311640,12
2016;Cimiano - Rottole - Q.re Feltre;18;8972;10388;19360;2743;2881;10371;5227;1118;140;53;56;264;539;556;2221;5594;Filippine;558;Per—;336;Egitto;261;7;4;3;4971969,5
2016;Citta' studi;22;16647;19474;36121;4938;5324;20558;11779;1812;277;106;89;380;930;1351;3282;9224;Filippine;910;Per—;528;Sri Lanka (ex Ceylon);416;7;8;5;2207487,44
2016;Comasina;82;4691;4821;9512;1799;3036;4495;1989;345;99;35;56;75;294;276;661;1916;Cinese, Repubblica Popolare;986;Egitto;388;Per—;248;3;2;2;926734,56
2016;Corsica;25;8923;10518;19441;2754;2822;10711;5825;876;151;50;43;177;447;670;1719;4754;Filippine;665;Cinese, Repubblica Popolare;238;Per—;238;5;3;3;1081329,7
2016;De Angeli - Monte Rosa;58;9451;11436;20887;3231;2529;11232;5745;869;185;76;46;232;511;860;1825;5114;Filippine;398;Francia;265;Per—;182;3;2;3;1323078,54
2016;Dergano;79;11819;10862;22681;3743;7841;12335;7006;644;226;87;130;175;715;905;1301;3930;Egitto;1730;Cinese, Repubblica Popolare;1632;Filippine;975;3;3;3;1358615,04
2016;Duomo;1;8121;8782;16903;2745;2114;9330;5173;592;128;54;32;121;540;868;1105;3731;Filippine;404;Sri Lanka (ex Ceylon);261;Francia;131;4;4;3;2341704,07
2016;Farini;78;2085;1872;3957;588;1412;2273;1355;90;48;23;26;13;143;173;174;640;Egitto;352;Cinese, Repubblica Popolare;334;Filippine;130;0;0;0;1010230,89
2016;Figino;63;1022;1038;2060;357;427;978;411;45;13;8;7;14;42;66;103;416;Romania;61;Sri Lanka (ex Ceylon);58;Egitto;53;2;2;1;1424713,85
2016;Forze Armate;56;11512;12772;24284;3736;4280;12087;5421;899;172;62;63;276;612;653;1855;6240;Filippine;864;Egitto;714;Per—;428;7;5;2;3206902,39
2016;Ghisolfa;70;8244;9394;17638;2811;3092;9559;5145;792;167;69;74;165;422;617;1420;3867;Cinese, Repubblica Popolare;663;Filippine;540;Egitto;297;0;0;0;1051452,21
2016;Giambellino;49;14949;16533;31482;5141;7995;16763;9054;1333;274;86;133;322;840;939;2447;7051;Egitto;1956;Filippine;1391;Sri Lanka (ex Ceylon);676;2;2;2;1965274,21
2016;Giardini P.ta Venezia;3;26;24;50;8;7;21;9;1;0;0;0;0;0;6;2;6;Filippine;3;Sri Lanka (ex Ceylon);3;Stati Uniti d'America;1;1;0;0;249646,83
2016;Gorla - Precotto;16;14010;14731;28741;4534;6675;15145;7555;895;254;111;120;289;749;983;1945;6426;Filippine;1650;Egitto;744;Per—;675;9;6;2;3005623,49
2016;Gratosoglio - Q.re Missaglia - Q.re Terrazze;41;8894;9882;18776;2958;2722;8679;3349;736;92;51;35;247;346;342;1950;5495;Egitto;424;Filippine;360;Marocco;237;3;4;2;3312818,32
2016;Greco - Segnano;13;7499;7895;15394;2392;3766;8192;4228;667;117;52;61;161;439;537;1279;3385;Filippine;822;Cinese, Repubblica Popolare;619;Egitto;401;2;2;2;1768669,43
2016;Guastalla;4;6909;8117;15026;2348;1800;8144;4387;597;133;45;33;154;412;587;1130;3678;Filippine;358;Sri Lanka (ex Ceylon);283;Romania;90;6;7;9;1548020,74
2016;Isola;11;11021;11623;22644;3161;4068;13148;7843;815;209;81;64;185;719;1072;1532;4638;Cinese, Repubblica Popolare;646;Egitto;601;Filippine;498;4;3;3;1322966,34
2016;Lambrate - Ortica;23;5417;5717;11134;1910;2002;5962;3098;335;101;30;20;136;338;383;776;2133;Filippine;424;Egitto;273;Romania;145;6;4;2;3096861,87
2016;Lodi - Corvetto;35;17293;18756;36049;5504;9174;19765;10601;1555;309;121;152;458;1187;1152;3155;8645;Filippine;1712;Egitto;1492;Per—;775;9;7;4;3639092,52
2016;Lorenteggio;53;6543;7349;13892;2178;1968;6951;3112;678;110;37;41;172;313;399;1537;3715;Egitto;426;Filippine;214;Romania;152;5;4;2;2635327,1
2016;Loreto - Casoretto - NoLo;20;23112;21593;44705;6485;15415;26271;16489;1290;398;168;209;359;1522;2187;2438;7800;Filippine;2905;Egitto;2888;Cinese, Repubblica Popolare;1772;7;5;4;1747565,53
2016;Maciachini - Maggiolina;12;12447;13687;26134;3823;5230;14128;7586;1195;214;82;85;265;669;911;2144;6178;Filippine;932;Cinese, Repubblica Popolare;928;Egitto;647;8;3;2;1674980,95
2016;Magenta - S.Vittore;7;7990;9306;17296;2971;1847;9083;4656;658;127;40;32;154;417;707;1244;3909;Filippine;321;Sri Lanka (ex Ceylon);216;Francia;214;5;6;4;1390146,88
2016;Maggiore - Musocco - Certosa;72;2481;2653;5134;847;874;2616;1197;164;41;13;21;65;106;186;344;1309;Egitto;118;Per—;110;Romania;91;2;2;1;3030188,71
2016;Moncucco - San Cristoforo;45;6616;6890;13506;2094;2561;7388;4003;409;124;48;53;129;420;596;875;3022;Egitto;642;Filippine;267;Sri Lanka (ex Ceylon);207;5;1;1;1596174,14
2016;Monlue' - Ponte Lambro;31;2685;2367;5052;971;1735;2497;1080;93;46;22;20;42;298;258;176;728;Egitto;287;Per—;192;Ecuador;181;1;1;0;2639289,21
2016;Morivione;37;3694;4021;7715;1299;1285;4173;2008;197;54;18;21;122;215;274;622;1673;Filippine;239;Egitto;154;Cinese, Repubblica Popolare;130;2;2;1;817976,68
2016;Muggiano;54;1531;1557;3088;748;204;1311;474;31;29;11;5;12;53;65;78;349;Egitto;30;Ecuador;28;Per—;21;1;1;0;444218,42
2016;N.D.;;0;0;0;0;0;0;0;0;0;0;0;1;1;0;0;0;;0;;0;;0;0;0;0;0
2016;Niguarda - Ca? Granda - Prato Centenaro - Q.re Fulvio Testi;14;17297;19238;36535;5356;5132;18809;8770;1660;249;97;100;443;966;872;3436;10049;Egitto;750;Cinese, Repubblica Popolare;515;Filippine;514;10;6;4;4251281,95
2016;Ortomercato;29;2127;2068;4195;649;1604;2392;1380;168;37;17;25;35;142;148;321;877;Egitto;449;Filippine;229;Cinese, Repubblica Popolare;145;1;1;1;1402519,65
2016;Padova - Turro - Crescenzago;19;18132;18586;36718;5455;12430;20315;11381;1457;340;139;203;350;1031;1310;2842;7943;Filippine;2649;Egitto;2340;Cinese, Repubblica Popolare;1212;7;4;3;2061945,5
2016;Pagano;68;7997;9156;17153;3101;1613;8552;4014;697;128;43;17;158;376;603;1380;4048;Filippine;274;Francia;153;Sri Lanka (ex Ceylon);134;2;2;2;1289734,29
2016;Parco Bosco in citta';88;180;187;367;82;98;206;84;4;6;2;3;1;87;21;12;74;Romania;49;Per—;9;Ecuador;7;0;0;0;7837668,61
2016;Parco dei Navigli;86;170;125;295;56;44;152;61;2;3;2;1;1;19;18;5;27;Romania;10;Albania;9;Egitto;8;0;0;0;3617836,27
2016;Parco delle Abbazie;85;236;218;454;133;188;184;90;3;11;6;7;0;24;9;8;39;Romania;66;Montenegro;59;Bosnia-Erzegovina;30;0;0;0;13722000
2016;Parco Forlanini - Cavriano;24;675;476;1151;148;469;747;349;21;8;4;5;7;40;256;35;127;Egitto;57;Romania;45;Nigeria;32;0;0;0;2925814,52
2016;Parco Nord;84;50;51;101;19;21;52;26;2;1;0;0;1;1;7;3;13;Cinese, Repubblica Popolare;5;Filippine;3;Romania;3;1;1;0;1533639,39
2016;Parco Sempione;8;3;0;3;1;0;1;0;0;0;0;0;0;0;0;0;0;;0;;0;;0;0;0;0;470434,33
2016;Porta Garibaldi - Porta Nuova;9;2632;2874;5506;727;763;3257;1933;189;49;18;13;44;146;340;373;1155;Cinese, Repubblica Popolare;106;Per—;80;Sri Lanka (ex Ceylon);49;1;0;0;785668,25
2016;Porta Genova;50;6768;8176;14944;2334;1172;7982;4194;632;127;48;17;159;311;508;1244;3697;Filippine;177;Sri Lanka (ex Ceylon);86;Egitto;80;4;2;0;996786,39
2016;Porta Magenta;51;11938;14711;26649;4297;2546;14000;7181;1171;197;57;44;231;618;866;2273;6566;Filippine;504;Francia;197;Ucraina;171;4;3;3;1306450,76
2016;Porta Ticinese - Conca del Naviglio;6;9004;10525;19529;2696;2055;11407;6871;691;171;69;29;192;519;785;1336;4376;Filippine;306;Egitto;235;Cinese, Repubblica Popolare;181;7;3;2;1255064,75
2016;Porta Ticinese - Conchetta;44;8041;9099;17140;2552;2191;9999;6074;589;187;80;40;136;468;751;1102;3407;Egitto;251;Filippine;244;Romania;170;4;1;0;1483927,87
2016;Porta Vigentina - Porta Lodovica;5;6292;7295;13587;2184;1421;7229;3733;559;97;35;19;124;313;511;1196;3344;Filippine;190;Sri Lanka (ex Ceylon);174;Egitto;125;4;3;3;1135239,32
2016;Portello;67;3769;4321;8090;1203;785;4283;2138;381;68;25;13;99;196;291;774;2173;Filippine;114;Per—;112;Cinese, Repubblica Popolare;75;2;2;1;909636,6
2016;Pta Romana;27;7678;8724;16402;2248;1711;9512;5639;584;157;60;24;152;391;713;1104;3514;Filippine;295;Cinese, Repubblica Popolare;132;Per—;104;1;2;1;1002793,53
2016;Q.re Gallaratese - Q.re San Leonardo - Lampugnano;65;14831;17165;31996;4241;2938;15881;6338;1626;180;75;58;470;649;627;4027;11094;Romania;371;Filippine;350;Per—;271;6;6;3;3894538,21
2016;QT 8;66;1828;2206;4034;631;390;2054;976;236;28;12;5;51;114;72;433;1062;Filippine;50;Sri Lanka (ex Ceylon);46;Cinese, Repubblica Popolare;41;3;2;1;1024437,42
2016;Quarto Cagnino;61;4732;5075;9807;1502;977;4662;1886;302;63;28;18;106;178;209;739;2579;Egitto;181;Filippine;122;Cinese, Repubblica Popolare;121;3;1;1;986391,48
2016;Quarto Oggiaro - Vialba - Musocco;76;14807;16031;30838;5167;6851;14567;6117;1136;227;118;112;356;774;602;2535;7106;Cinese, Repubblica Popolare;1628;Egitto;884;Filippine;663;6;5;3;2778263,75
2016;Quinto Romano;62;2306;2440;4746;653;456;2264;887;140;24;11;11;42;113;81;318;1226;Egitto;75;Filippine;54;Romania;54;1;1;0;1645859,77
2016;Quintosole;39;631;155;786;55;144;644;92;6;0;0;0;1;78;85;15;124;Egitto;30;Albania;27;Romania;20;0;0;0;1057528,77
2016;Rogoredo - Santa Giulia;33;5129;4945;10074;2119;1964;4944;2358;207;114;41;29;67;306;357;409;1427;Egitto;289;Filippine;220;Per—;181;2;1;1;1200161,64
2016;Ronchetto delle Rane;40;394;353;747;158;117;302;93;10;2;0;2;6;14;10;27;101;Egitto;36;Filippine;24;Sri Lanka (ex Ceylon);11;0;0;0;188870,6
2016;Ronchetto sul Naviglio - Q.re Lodovico il Moro;48;6907;7647;14554;2075;1820;7381;3337;524;86;33;40;158;368;359;1284;4165;Egitto;379;Per—;183;Filippine;182;4;4;3;2406775,2
2016;Roserio;74;142;113;255;34;56;120;47;5;4;3;2;3;3;10;14;57;Cinese, Repubblica Popolare;29;Filippine;5;Sri Lanka (ex Ceylon);4;0;0;0;708465,8
2016;San Siro;57;12964;13926;26890;4724;9644;14789;8526;1145;258;94;176;307;768;999;2038;5680;Egitto;3167;Filippine;1269;Romania;938;2;1;0;984925,54
2016;Sarpi;69;13846;16249;30095;4926;5052;16664;9307;1074;316;142;103;301;762;1168;2115;6198;Cinese, Repubblica Popolare;2158;Filippine;556;Sri Lanka (ex Ceylon);209;5;4;3;1811914,53
2016;Scalo Romana;36;6591;5739;12330;1821;4346;7013;4074;247;103;34;64;77;380;669;569;2134;Egitto;935;Filippine;665;Bangladesh;390;0;1;0;1736727,98
2016;Stadera - Chiesa Rossa - Q.re Torretta - Conca Fallata;42;14614;15437;30051;4898;5933;15873;8120;1139;263;94;101;282;782;882;2392;6756;Filippine;1076;Egitto;873;Per—;408;8;5;3;3232237,35
2016;Stadio - Ippodromi;60;6061;6513;12574;2276;2145;5936;2483;388;74;32;27;129;355;384;1002;2913;Filippine;415;Francia;382;Per—;157;6;8;3;3435307,37
2016;Stazione Centrale - Ponte Seveso;10;9344;8731;18075;2469;4498;10532;6325;582;150;69;65;132;572;952;1136;3641;Bangladesh;702;Filippine;593;Cinese, Repubblica Popolare;544;3;3;3;1556077,52
2016;Stephenson;75;43;36;79;9;24;35;12;1;0;0;0;0;4;2;4;16;Cinese, Repubblica Popolare;7;Filippine;5;Sri Lanka (ex Ceylon);4;0;0;0;560097,89
2016;Taliedo - Morsenchio - Q.re Forlanini;30;8865;10178;19043;2837;3052;9816;4605;1131;151;63;63;291;446;416;2457;5406;Per—;407;Filippine;396;Egitto;266;5;4;2;3821389,97
2016;Tibaldi;43;5483;6038;11521;1458;1895;6765;4002;535;103;42;30;125;324;492;1059;2891;Egitto;343;Filippine;287;Cinese, Repubblica Popolare;132;2;1;1;786214,31
2016;Tre Torri;59;935;1045;1980;425;325;941;430;71;13;2;3;9;35;165;125;367;Francia;67;Filippine;26;Spagna;23;0;0;0;513316,34
2016;Trenno;64;2113;2057;4170;523;327;2071;730;123;18;6;3;22;123;110;267;1215;Filippine;31;Somalia;27;Ucraina;22;1;0;0;489710,56
2016;Triulzo Superiore;32;945;691;1636;339;1117;882;539;16;26;10;21;7;65;104;24;115;Egitto;287;Sri Lanka (ex Ceylon);184;Filippine;132;0;0;0;1395022,03
2016;Umbria - Molise - Calvairate;28;10686;11914;22600;3392;4440;12731;7224;1032;198;81;71;229;598;798;1917;5307;Filippine;790;Egitto;611;Per—;287;3;1;0;1192396,73
2016;Vigentino - Q.re Fatima;38;6957;7482;14439;2308;1754;7281;3276;468;114;47;31;129;296;401;1089;3729;Filippine;256;Egitto;175;Sri Lanka (ex Ceylon);143;4;2;1;1853233,5
2016;Villapizzone - Cagnola - Boldinasco;71;20015;20826;40841;6713;12928;21471;11060;1500;385;168;227;412;1026;1419;3018;8420;Cinese, Repubblica Popolare;2859;Filippine;1965;Egitto;1829;11;8;3;3427070,6
2016;XXII Marzo;26;14345;16995;31340;4696;2971;17001;9086;1298;249;97;48;286;692;1119;2514;7725;Filippine;480;Per—;256;Sri Lanka (ex Ceylon);174;5;3;3;1637499,71
2017;Adriano;17;8778;8169;16947;3110;3921;8514;3344;298;139;58;139;73;476;756;665;2602;Egitto;563;Filippine;531;Cinese, Repubblica Popolare;403;4;1;0;2431560,11
2017;Affori;80;12438;12455;24893;4215;7214;12877;6569;763;259;103;259;210;595;802;1556;4882;Cinese, Repubblica Popolare;1808;Egitto;1183;Filippine;1108;6;3;2;2070893,65
2017;Assiano;87;160;142;302;73;36;127;50;5;3;2;3;1;24;20;10;41;Paesi Bassi;8;Ucraina;5;Marocco;4;0;0;0;5844580,12
2017;Baggio - Q.re degli Olmi - Q.re Valsesia;55;14062;15599;29661;4694;5541;14551;6261;1154;219;107;219;371;647;761;2692;7821;Filippine;1068;Per—;713;Egitto;652;7;3;2;3478599,96
2017;Bande Nere;52;20202;24028;44230;6215;7050;24258;12380;2299;340;126;340;678;1000;1471;5027;12207;Filippine;1654;Egitto;594;Per—;544;13;7;6;2663880,93
2017;Barona;46;7963;9055;17018;2371;2376;8241;3329;740;129;63;129;274;326;353;1692;5339;Egitto;563;Filippine;295;Marocco;198;3;3;1;2006324,59
2017;Bicocca;15;4310;4233;8543;1538;1444;4444;2162;153;110;36;110;39;286;372;367;1333;Egitto;211;Filippine;193;Cinese, Repubblica Popolare;149;0;0;0;1534521,13
2017;Bovisa;77;7150;6767;13917;2163;4950;7900;4683;436;131;57;131;104;428;602;814;2377;Egitto;1213;Cinese, Repubblica Popolare;873;Filippine;587;4;2;1;1913132,63
2017;Bovisasca;81;3381;3716;7097;1057;978;3412;1351;277;42;19;42;96;146;163;678;1974;Cinese, Repubblica Popolare;113;Per—;105;Romania;97;3;1;1;1576826,44
2017;Brera;2;8442;9757;18199;2987;2506;10291;5716;687;152;50;152;162;632;989;1274;4190;Filippine;399;Sri Lanka (ex Ceylon);196;Romania;120;5;5;3;1637395,23
2017;Bruzzano;83;6298;6630;12928;2179;2469;6190;2566;366;132;67;132;119;263;258;874;3091;Egitto;398;Romania;216;Filippine;215;3;2;1;1667691,29
2017;Buenos Aires - Porta Venezia - Porta Monforte;21;28971;32920;61891;9134;7428;34392;19273;2426;446;188;446;599;1483;2336;4607;14317;Filippine;1262;Cinese, Repubblica Popolare;680;Sri Lanka (ex Ceylon);458;9;5;4;2877542,27
2017;Cantalupa;47;262;248;510;79;81;255;121;4;3;0;3;1;8;29;16;88;Egitto;17;Cinese, Repubblica Popolare;14;Sri Lanka (ex Ceylon);7;0;0;0;926716,81
2017;Cascina Merlata;73;704;105;809;13;175;769;5;0;0;0;0;3;75;132;4;49;Marocco;42;Albania;29;Romania;27;0;0;0;1729126,9
2017;Chiaravalle;34;546;509;1055;125;146;541;243;30;1;1;1;8;26;25;59;265;Egitto;29;Filippine;22;Sri Lanka (ex Ceylon);16;1;0;0;311640,12
2017;Cimiano - Rottole - Q.re Feltre;18;9089;10457;19546;2780;2951;10472;5322;1117;145;55;145;258;403;602;2247;5542;Filippine;569;Per—;328;Egitto;267;7;4;3;4971969,5
2017;Citta' studi;22;16754;19478;36232;4935;5303;20749;11990;1819;248;91;248;389;906;1296;3318;9171;Filippine;879;Per—;462;Sri Lanka (ex Ceylon);425;7;8;5;2207487,44
2017;Comasina;82;4691;4833;9524;1788;3107;4495;1986;340;80;39;80;87;319;246;647;1873;Cinese, Repubblica Popolare;1075;Egitto;395;Per—;232;3;2;2;926734,56
2017;Corsica;25;9016;10603;19619;2776;2848;10829;5920;890;179;65;179;200;449;614;1747;4732;Filippine;672;Cinese, Repubblica Popolare;238;Per—;227;5;3;3;1081329,7
2017;De Angeli - Monte Rosa;58;9590;11573;21163;3215;2585;11445;5965;899;172;79;172;211;499;871;1864;5115;Filippine;385;Francia;293;Per—;170;3;2;3;1323078,54
2017;Dergano;79;11949;11011;22960;3805;7938;12509;7146;631;219;89;219;167;702;952;1330;3954;Egitto;1703;Cinese, Repubblica Popolare;1681;Filippine;977;3;3;3;1358615,04
2017;Duomo;1;8070;8812;16882;2718;2064;9352;5211;611;131;40;131;154;640;809;1145;3752;Filippine;399;Sri Lanka (ex Ceylon);254;Francia;131;4;4;3;2341704,07
2017;Farini;78;2094;1838;3932;576;1366;2272;1354;91;39;14;39;19;141;175;189;647;Egitto;350;Cinese, Repubblica Popolare;336;Filippine;124;0;0;0;1010230,89
2017;Figino;63;1074;1096;2170;384;473;1035;449;51;16;5;16;17;54;76;105;431;Filippine;64;Romania;63;Egitto;62;2;2;1;1424713,85
2017;Forze Armate;56;11515;12814;24329;3797;4393;12121;5486;911;193;67;193;241;593;614;1943;6267;Filippine;856;Egitto;764;Per—;423;7;5;2;3206902,39
2017;Ghisolfa;70;8438;9507;17945;2829;3145;9771;5225;799;159;63;159;195;444;793;1428;3839;Cinese, Repubblica Popolare;639;Filippine;529;Egitto;314;0;0;0;1051452,21
2017;Giambellino;49;14880;16555;31435;5141;8081;16771;9112;1385;250;91;250;303;830;925;2497;7017;Egitto;2010;Filippine;1415;Sri Lanka (ex Ceylon);694;2;2;2;1965274,21
2017;Giardini P.ta Venezia;3;20;18;38;5;6;20;11;1;0;0;0;0;0;1;2;6;Filippine;3;Sri Lanka (ex Ceylon);3;;0;1;0;0;249646,83
2017;Gorla - Precotto;16;14266;14943;29209;4651;6829;15450;7794;900;259;107;259;285;820;1057;1980;6448;Filippine;1695;Egitto;749;Per—;640;9;6;2;3005623,49
2017;Gratosoglio - Q.re Missaglia - Q.re Terrazze;41;8854;9825;18679;2900;2732;8666;3400;794;90;42;90;220;382;310;2062;5429;Egitto;425;Filippine;360;Marocco;236;3;4;2;3312818,32
2017;Greco - Segnano;13;7606;7994;15600;2437;3793;8309;4299;659;133;49;133;143;400;519;1295;3382;Filippine;826;Cinese, Repubblica Popolare;633;Egitto;412;2;2;2;1768669,43
2017;Guastalla;4;6923;8127;15050;2296;1784;8179;4423;603;84;30;84;116;352;534;1171;3721;Filippine;367;Sri Lanka (ex Ceylon);272;Romania;93;6;7;9;1548020,74
2017;Isola;11;11146;11750;22896;3204;4243;13289;7971;810;211;100;211;219;635;1084;1528;4604;Cinese, Repubblica Popolare;710;Egitto;652;Filippine;491;4;3;3;1322966,34
2017;Lambrate - Ortica;23;5497;5822;11319;1921;2017;6072;3174;335;109;31;109;133;317;416;791;2136;Filippine;399;Egitto;286;Romania;154;6;4;2;3096861,87
2017;Lodi - Corvetto;35;17275;18810;36085;5533;9300;19786;10677;1563;302;112;302;467;1027;1133;3155;8525;Filippine;1713;Egitto;1518;Per—;771;9;7;4;3639092,52
2017;Lorenteggio;53;6636;7380;14016;2213;1995;6992;3155;687;109;48;109;199;317;402;1556;3665;Egitto;451;Filippine;223;Romania;158;5;4;2;2635327,1
2017;Loreto - Casoretto - NoLo;20;23313;21550;44863;6448;15364;26384;16571;1292;363;151;363;329;1433;2091;2525;7856;Egitto;2877;Filippine;2818;Cinese, Repubblica Popolare;1801;6;5;4;1747565,53
2017;Maciachini - Maggiolina;12;12498;13694;26192;3814;5197;14217;7725;1205;200;81;200;241;675;850;2209;6144;Cinese, Repubblica Popolare;913;Filippine;911;Egitto;655;8;3;2;1674980,95
2017;Magenta - S.Vittore;7;8131;9337;17468;2994;1863;9171;4704;678;128;51;128;160;460;731;1256;3919;Filippine;298;Sri Lanka (ex Ceylon);218;Francia;210;5;6;4;1390146,88
2017;Maggiore - Musocco - Certosa;72;2785;2913;5698;966;985;2897;1345;154;57;24;57;55;80;333;360;1296;Per—;133;Egitto;114;Romania;110;2;2;1;3030188,71
2017;Moncucco - San Cristoforo;45;6680;6960;13640;2106;2654;7487;4118;417;109;43;109;131;401;558;926;3030;Egitto;692;Filippine;249;Sri Lanka (ex Ceylon);227;5;1;1;1596174,14
2017;Monlue' - Ponte Lambro;31;2772;2398;5170;973;1886;2570;1048;93;51;32;51;41;177;255;188;737;Egitto;321;Per—;205;Ecuador;183;1;1;0;2639289,21
2017;Morivione;37;3702;4008;7710;1266;1283;4185;2032;198;66;33;66;142;221;274;624;1656;Filippine;248;Egitto;149;Cinese, Repubblica Popolare;134;2;2;1;817976,68
2017;Muggiano;54;1535;1569;3104;698;202;1345;504;36;22;8;22;4;66;86;97;373;Ecuador;26;Egitto;24;Per—;24;1;1;0;444218,42
2017;Niguarda - Ca? Granda - Prato Centenaro - Q.re Fulvio Testi;14;17450;19345;36795;5415;5497;18971;8933;1668;222;75;222;472;896;870;3535;9974;Egitto;820;Cinese, Repubblica Popolare;581;Filippine;562;10;6;4;4251281,95
2017;Ortomercato;29;2152;2065;4217;645;1581;2427;1415;160;33;16;33;45;144;142;315;858;Egitto;420;Filippine;203;Cinese, Repubblica Popolare;164;1;1;1;1402519,65
2017;Padova - Turro - Crescenzago;19;18360;18721;37081;5554;12642;20497;11534;1477;329;134;329;360;1083;1334;2910;7866;Filippine;2674;Egitto;2385;Cinese, Repubblica Popolare;1302;7;4;3;2061945,5
2017;Pagano;68;8167;9225;17392;3131;1648;8672;4079;699;123;40;123;179;358;593;1392;4045;Filippine;248;Francia;168;Sri Lanka (ex Ceylon);131;2;2;2;1289734,29
2017;Parco Bosco in citta';88;259;255;514;131;135;282;106;4;3;2;3;6;4;43;13;79;Romania;60;Filippine;14;Egitto;12;0;0;0;7837668,61
2017;Parco dei Navigli;86;168;121;289;55;45;149;64;3;3;1;3;1;22;13;6;30;Romania;10;Albania;9;Egitto;8;0;0;0;3617836,27
2017;Parco delle Abbazie;85;229;216;445;136;174;172;80;4;12;8;12;1;18;10;8;38;Montenegro;58;Romania;55;Bosnia-Erzegovina;32;0;0;0;13722000
2017;Parco Forlanini - Cavriano;24;2013;595;2608;178;1922;2183;357;23;20;12;20;6;88;1601;37;127;Mali;173;Nigeria;167;Bangladesh;161;0;0;0;2925814,52
2017;Parco Nord;84;49;51;100;18;21;50;23;2;0;0;0;0;5;0;3;13;Cinese, Repubblica Popolare;4;Albania;3;Filippine;3;1;1;0;1533639,39
2017;Parco Sempione;8;2;0;2;1;0;1;9;0;0;0;0;0;1;0;0;;;0;;0;;0;0;0;0;470434,33
2017;Porta Garibaldi - Porta Nuova;9;2649;2950;5599;746;796;3323;1983;191;34;16;34;52;156;253;0;1175;Cinese, Repubblica Popolare;108;Per—;70;Filippine;52;1;0;0;785668,25
2017;Porta Genova;50;6823;8226;15049;2347;1180;8034;4234;636;113;50;113;130;272;436;1272;3707;Filippine;176;Sri Lanka (ex Ceylon);89;Egitto;84;4;2;0;996786,39
2017;Porta Magenta;51;12007;14846;26853;4342;2521;14135;7325;1159;211;92;211;295;528;862;2300;6575;Filippine;508;Francia;203;Ucraina;175;4;3;3;1306450,76
2017;Porta Ticinese - Conca del Naviglio;6;9036;10618;19654;2726;2053;11510;6930;703;164;67;164;163;535;833;1355;4358;Filippine;284;Egitto;243;Cinese, Repubblica Popolare;171;7;3;2;1255064,75
2017;Porta Ticinese - Conchetta;44;8053;9069;17122;2514;2168;10056;6194;598;153;67;153;169;490;684;1098;3386;Egitto;240;Filippine;226;Romania;163;4;1;0;1483927,87
2017;Porta Vigentina - Porta Lodovica;5;6372;7286;13658;2158;1433;7287;3780;550;74;21;74;155;298;472;1186;3293;Filippine;173;Sri Lanka (ex Ceylon);164;Egitto;120;4;3;3;1135239,32
2017;Portello;67;3866;4445;8311;1270;852;4409;2217;380;72;33;72;86;162;298;796;2197;Filippine;116;Per—;104;Cinese, Repubblica Popolare;82;3;3;2;909636,6
2017;Pta Romana;27;7741;8696;16437;2261;1695;9537;5674;595;134;49;134;155;391;704;1139;3514;Filippine;283;Cinese, Repubblica Popolare;131;Sri Lanka (ex Ceylon);105;1;2;1;1002793,53
2017;Q.re Gallaratese - Q.re San Leonardo - Lampugnano;65;15013;17481;32494;4434;3465;16170;6496;1730;182;81;182;465;618;759;4271;10967;Filippine;440;Romania;384;Per—;322;6;6;3;3894538,21
2017;QT 8;66;1853;2213;4066;644;415;2065;984;222;27;8;27;47;61;101;420;1058;Filippine;59;Sri Lanka (ex Ceylon);50;Cinese, Repubblica Popolare;39;3;2;1;1024437,42
2017;Quarto Cagnino;61;4747;5124;9871;1531;1054;4707;1931;321;74;31;74;82;169;201;795;2597;Egitto;192;Filippine;137;Cinese, Repubblica Popolare;136;3;1;1;986391,48
2017;Quarto Oggiaro - Vialba - Musocco;76;14730;15904;30634;5056;6999;14499;6131;1128;201;105;201;371;807;616;2573;7040;Cinese, Repubblica Popolare;1706;Egitto;920;Filippine;692;6;5;3;2778263,75
2017;Quinto Romano;62;2305;2401;4706;630;490;2268;903;149;19;10;19;51;97;85;340;1248;Egitto;94;Filippine;65;Romania;53;1;1;0;1645859,77
2017;Quintosole;39;697;158;855;51;143;706;92;7;1;0;1;5;52;141;18;131;Egitto;31;Albania;28;Romania;22;0;0;0;1057528,77
2017;Rogoredo - Santa Giulia;33;5179;4979;10158;2120;1935;4967;2372;214;119;33;119;68;300;327;413;1439;Egitto;283;Filippine;230;Romania;160;2;1;1;1200161,64
2017;Ronchetto delle Rane;40;384;350;734;142;116;303;96;8;3;2;3;7;18;5;28;103;Egitto;36;Filippine;22;Ecuador;13;0;0;0;188870,6
2017;Ronchetto sul Naviglio - Q.re Lodovico il Moro;48;6868;7649;14517;2058;1800;7378;3353;549;90;44;90;141;350;333;1359;4167;Egitto;378;Filippine;182;Per—;178;4;4;3;2406775,2
2017;Roserio;74;143;112;255;33;61;122;50;7;2;2;2;1;7;0;16;59;Cinese, Repubblica Popolare;29;Filippine;5;Ecuador;4;0;0;0;708465,8
2017;San Siro;57;12817;13759;26576;4664;9354;14530;8349;1159;261;70;261;265;634;844;2043;5628;Egitto;3351;Filippine;1291;Marocco;629;2;1;0;984925,54
2017;Sarpi;69;14069;16493;30562;5014;5129;16927;9473;1064;286;135;286;275;715;1205;2126;6235;Cinese, Repubblica Popolare;2223;Filippine;540;Per—;198;5;4;3;1811914,53
2017;Scalo Romana;36;6682;5843;12525;1914;4372;7115;4162;256;142;47;142;84;382;578;595;2148;Egitto;983;Filippine;653;Bangladesh;353;0;1;0;1736727,98
2017;Stadera - Chiesa Rossa - Q.re Torretta - Conca Fallata;42;14675;15425;30100;4885;6032;15902;8170;1135;258;103;258;349;676;850;2367;6684;Filippine;1093;Egitto;934;Per—;413;8;5;3;3232237,35
2017;Stadio - Ippodromi;60;6119;6572;12691;2242;2231;6018;2559;418;83;30;83;122;301;418;1063;2932;Filippine;420;Francia;397;Per—;155;6;8;3;3435307,37
2017;Stazione Centrale - Ponte Seveso;10;9670;8894;18564;2504;4822;10975;6736;599;147;44;147;156;479;1181;1163;3665;Bangladesh;667;Filippine;588;Cinese, Repubblica Popolare;548;3;3;3;1556077,52
2017;Stephenson;75;60;47;107;12;39;49;19;1;2;1;2;0;1;19;5;17;Filippine;13;Cinese, Repubblica Popolare;6;Sri Lanka (ex Ceylon);4;0;0;0;560097,89
2017;Taliedo - Morsenchio - Q.re Forlanini;30;8898;10245;19143;2866;3133;9899;4693;1159;129;57;129;301;416;470;2488;5284;Per—;398;Filippine;392;Egitto;295;5;4;2;3821389,97
2017;Tibaldi;43;5543;6075;11618;1490;1982;6842;4077;524;95;37;95;133;301;469;1072;2876;Egitto;366;Filippine;313;Cinese, Repubblica Popolare;139;2;1;1;786214,31
2017;Tre Torri;59;1000;1112;2112;461;372;974;423;64;27;10;27;14;73;124;123;384;Francia;59;Filippine;30;Spagna;28;0;0;0;513316,34
2017;Trenno;64;2090;2022;4112;499;354;2076;745;127;20;10;20;46;143;129;279;1220;Somalia;37;Filippine;28;Ucraina;22;1;0;0;489710,56
2017;Triulzo Superiore;32;929;702;1631;339;1081;868;522;15;19;7;19;2;64;73;27;122;Egitto;262;Sri Lanka (ex Ceylon);203;Filippine;122;0;0;0;1395022,03
2017;Umbria - Molise - Calvairate;28;10770;11956;22726;3428;4457;12786;7254;1028;229;85;229;238;620;805;1926;5263;Filippine;796;Egitto;644;Marocco;284;3;1;0;1192396,73
2017;Vigentino - Q.re Fatima;38;7067;7566;14633;2334;1775;7431;3416;493;114;26;114;139;343;432;1128;3732;Filippine;265;Egitto;181;Romania;140;4;2;1;1853233,5
2017;Villapizzone - Cagnola - Boldinasco;71;20217;20999;41216;6795;13163;21684;11228;1483;356;143;356;459;1043;1354;3022;8390;Cinese, Repubblica Popolare;2952;Filippine;1967;Egitto;1882;11;8;3;3427070,6
2017;XXII Marzo;26;14546;17121;31667;4797;3023;17220;9244;1328;248;99;248;342;671;1031;2562;7685;Filippine;449;Per—;253;Sri Lanka (ex Ceylon);180;5;3;3;1637499,71
2018;Adriano;17;9156;8352;17508;3120;4300;8929;3476;315;152;61;61;98;505;761;730;2676;Egitto;647;Filippine;565;Cinese, Repubblica Popolare;424;4;1;0;2431560,11
2018;Affori;80;12690;12651;25341;4250;7565;13126;6701;801;209;82;101;210;668;1044;1650;4902;Cinese, Repubblica Popolare;1990;Egitto;1213;Filippine;1119;6;3;2;2070893,65
2018;Assiano;87;169;150;319;77;41;137;57;7;3;3;0;0;9;16;13;44;Paesi Bassi;8;Marocco;5;Ucraina;5;0;0;0;5844580,12
2018;Baggio - Q.re degli Olmi - Q.re Valsesia;55;14282;15735;30017;4746;5994;14794;6440;1221;220;101;100;352;653;805;2816;7776;Filippine;1123;Egitto;742;Per—;729;7;3;2;3478599,96
2018;Bande Nere;52;20405;24171;44576;6204;7243;24467;12603;2370;355;126;112;636;963;1516;5167;12111;Filippine;1653;Egitto;606;Per—;545;13;7;6;2663880,93
2018;Barona;46;7965;9023;16988;2357;2518;8252;3396;776;82;34;28;249;340;311;1758;5347;Egitto;653;Filippine;316;Marocco;192;3;3;1;2006324,59
2018;Bicocca;15;4398;4279;8677;1536;1509;4521;2196;159;97;28;27;47;286;315;374;1366;Egitto;201;Filippine;197;Cinese, Repubblica Popolare;169;0;0;0;1534521,13
2018;Bovisa;77;7193;6793;13986;2133;4953;7943;4707;439;131;52;73;106;458;596;835;2361;Egitto;1204;Cinese, Repubblica Popolare;901;Filippine;574;3;2;1;1913132,63
2018;Bovisasca;81;3336;3701;7037;1047;1007;3382;1366;284;57;28;17;109;140;136;695;1976;Cinese, Repubblica Popolare;145;Romania;101;Per—;100;3;1;1;1576826,44
2018;Brera;2;8600;9901;18501;2992;2634;10466;5806;701;145;51;31;156;541;985;1350;4216;Filippine;384;Sri Lanka (ex Ceylon);207;Egitto;136;5;5;3;1637395,23
2018;Bruzzano;83;6281;6608;12889;2160;2547;6190;2589;379;97;35;47;124;314;293;919;3096;Egitto;413;Romania;223;Filippine;222;3;2;1;1667691,29
2018;Buenos Aires - Porta Venezia - Porta Monforte;21;29217;33221;62438;9171;7632;34856;19734;2473;470;182;108;586;1498;2381;4743;14418;Filippine;1233;Cinese, Repubblica Popolare;743;Sri Lanka (ex Ceylon);424;9;5;4;2877542,27
2018;Cantalupa;47;266;249;515;78;93;256;118;3;7;3;3;2;20;17;18;93;Egitto;15;Cinese, Repubblica Popolare;14;Romania;9;0;0;0;926716,81
2018;Cascina Merlata;73;754;102;856;15;218;813;4;0;0;0;0;1;74;135;3;54;Marocco;54;Albania;38;Romania;25;0;0;0;1729126,9
2018;Chiaravalle;34;541;500;1041;118;142;540;247;29;5;0;3;8;23;11;60;281;Egitto;28;Filippine;20;Sri Lanka (ex Ceylon);17;1;0;0;311640,12
2018;Cimiano - Rottole - Q.re Feltre;18;9185;10518;19703;2788;3109;10572;5417;1137;144;51;44;257;538;645;2295;5464;Filippine;582;Per—;322;Egitto;312;7;4;3;4971969,5
2018;Citta' studi;22;16887;19506;36393;4866;5324;20918;12156;1853;262;110;67;389;951;1282;3391;9126;Filippine;852;Per—;464;Sri Lanka (ex Ceylon);427;7;8;5;2207487,44
2018;Comasina;82;4764;4852;9616;1779;3292;4535;2007;335;89;36;57;82;325;213;643;1849;Cinese, Repubblica Popolare;1207;Egitto;428;Romania;227;3;2;2;926734,56
2018;Corsica;25;9049;10660;19709;2814;2845;10913;6004;894;150;66;35;199;467;644;1780;4746;Filippine;612;Cinese, Repubblica Popolare;245;Per—;229;5;3;3;1081329,7
2018;De Angeli - Monte Rosa;58;9717;11683;21400;3220;2622;11618;6108;929;181;57;38;245;511;885;1917;5120;Filippine;369;Francia;297;Cinese, Repubblica Popolare;187;3;2;3;1323078,54
2018;Dergano;79;12002;11145;23147;3792;8009;12654;7304;656;219;77;124;159;741;892;1388;3958;Egitto;1727;Cinese, Repubblica Popolare;1725;Filippine;979;3;3;3;1358615,04
2018;Duomo;1;8055;8834;16889;2625;2121;9377;5245;624;106;49;23;139;585;752;1195;3748;Filippine;380;Sri Lanka (ex Ceylon);255;Francia;133;4;4;3;2341704,07
2018;Farini;78;2072;1839;3911;580;1372;2239;1329;95;40;16;23;23;148;168;198;646;Egitto;353;Cinese, Repubblica Popolare;336;Filippine;129;0;0;0;1010230,89
2018;Figino;63;1138;1174;2312;417;519;1088;462;45;22;10;5;19;49;100;100;440;Egitto;72;Filippine;66;Romania;64;2;2;1;1424713,85
2018;Forze Armate;56;11604;12916;24520;3859;4650;12199;5561;951;182;73;72;268;544;627;2043;6306;Filippine;870;Egitto;868;Per—;453;7;5;2;3206902,39
2018;Ghisolfa;70;8457;9518;17975;2792;3072;9840;5357;804;139;59;39;155;415;601;1459;3867;Cinese, Repubblica Popolare;616;Filippine;512;Egitto;323;0;0;0;1051452,21
2018;Giambellino;49;15026;16559;31585;5108;8272;16849;9188;1380;262;86;135;331;785;1020;2539;6989;Egitto;2148;Filippine;1431;Sri Lanka (ex Ceylon);690;2;2;2;1965274,21
2018;Giardini P.ta Venezia;3;20;19;39;5;6;21;11;1;0;0;0;1;0;0;2;7;Filippine;3;Sri Lanka (ex Ceylon);3;;0;1;0;0;249646,83
2018;Gorla - Precotto;16;14449;15080;29529;4593;6928;15729;8035;916;238;94;119;250;804;1035;2087;6507;Filippine;1648;Egitto;792;Per—;656;9;6;2;3005623,49
2018;Gratosoglio - Q.re Missaglia - Q.re Terrazze;41;8912;9889;18801;2863;2948;8768;3530;861;99;45;29;237;400;337;2160;5351;Egitto;463;Filippine;364;Cinese, Repubblica Popolare;299;3;4;2;3312818,32
2018;Greco - Segnano;13;7775;8087;15862;2449;3911;8566;4441;666;128;41;47;160;414;558;1327;3361;Filippine;805;Cinese, Repubblica Popolare;667;Egitto;392;2;2;2;1768669,43
2018;Guastalla;4;6980;8196;15176;2268;1782;8266;4499;623;113;34;26;138;368;581;1211;3760;Filippine;361;Sri Lanka (ex Ceylon);265;Romania;94;6;7;9;1548020,74
2018;Isola;11;11324;11808;23132;3250;4391;13459;8103;823;209;87;68;199;656;1041;1592;4597;Cinese, Repubblica Popolare;816;Egitto;644;Filippine;465;4;3;3;1322966,34
2018;Lambrate - Ortica;23;5587;5928;11515;1935;2073;6177;3258;343;110;48;31;123;307;371;828;2137;Filippine;398;Egitto;282;Romania;158;6;4;2;3096861,87
2018;Lodi - Corvetto;35;17405;18957;36362;5560;9600;19935;10813;1574;310;117;160;431;1107;1226;3232;8485;Filippine;1742;Egitto;1595;Per—;768;9;7;4;3639092,52
2018;Lorenteggio;53;6736;7484;14220;2233;2050;7088;3202;700;118;41;39;168;310;372;1618;3668;Egitto;417;Filippine;250;Romania;181;5;4;2;2635327,1
2018;Loreto - Casoretto - NoLo;20;23744;21712;45456;6379;15695;26886;17072;1320;375;145;196;350;1463;2210;2596;7920;Egitto;2913;Filippine;2802;Bangladesh;1963;6;6;4;1747565,53
2018;Maciachini - Maggiolina;12;12508;13667;26175;3752;5193;14266;7826;1206;188;78;61;256;672;857;2240;6140;Cinese, Repubblica Popolare;913;Filippine;895;Egitto;693;8;3;2;1674980,95
2018;Magenta - S.Vittore;7;8348;9526;17874;3078;1917;9413;4832;683;119;43;33;138;436;877;1313;3951;Filippine;275;Francia;220;Sri Lanka (ex Ceylon);193;5;6;4;1390146,88
2018;Maggiore - Musocco - Certosa;72;3088;3177;6265;1048;1113;3233;1555;158;58;17;23;40;98;343;401;1323;Per—;132;Romania;119;Egitto;116;2;2;1;3030188,71
2018;Moncucco - San Cristoforo;45;6775;6995;13770;2100;2773;7601;4230;440;110;45;39;120;394;604;969;3035;Egitto;796;Filippine;248;Sri Lanka (ex Ceylon);220;5;1;1;1596174,14
2018;Monlue' - Ponte Lambro;31;2865;2446;5311;993;2058;2650;1068;99;60;26;37;36;207;279;211;744;Egitto;358;Per—;218;Ecuador;172;1;1;0;2639289,21
2018;Morivione;37;3773;4061;7834;1273;1306;4276;2081;210;52;25;17;127;234;340;648;1659;Filippine;236;Cinese, Repubblica Popolare;157;Egitto;147;2;2;2;817976,68
2018;Muggiano;54;1537;1584;3121;668;205;1363;519;37;17;2;3;13;76;66;105;389;Romania;24;Per—;23;Ecuador;22;1;1;0;444218,42
2018;Niguarda - Ca? Granda - Prato Centenaro - Q.re Fulvio Testi;14;17508;19388;36896;5422;5701;19055;9063;1661;248;101;100;480;999;848;3614;9869;Egitto;864;Cinese, Repubblica Popolare;665;Filippine;559;10;6;4;4251281,95
2018;Ortomercato;29;2181;2109;4290;660;1652;2467;1457;164;35;14;22;43;130;154;326;850;Egitto;432;Filippine;199;Cinese, Repubblica Popolare;195;1;1;1;1402519,65
2018;Padova - Turro - Crescenzago;19;18614;18917;37531;5614;12972;20824;11866;1499;307;124;191;345;1202;1395;2951;7804;Filippine;2709;Egitto;2422;Cinese, Repubblica Popolare;1338;7;4;4;2061945,5
2018;Pagano;68;8316;9392;17708;3111;1752;8863;4208;709;128;45;28;166;342;645;1423;4098;Filippine;251;Francia;192;Sri Lanka (ex Ceylon);142;2;2;2;1289734,29
2018;Parco Bosco in citta';88;300;296;596;150;149;330;128;4;1;1;0;1;10;50;17;85;Romania;69;Filippine;15;Egitto;12;0;0;0;7837668,61
2018;Parco dei Navigli;86;172;125;297;53;60;154;68;4;1;1;0;2;11;8;8;31;Egitto;19;Romania;12;Albania;9;0;0;0;3617836,27
2018;Parco delle Abbazie;85;228;218;446;131;182;170;77;4;9;6;7;1;16;18;8;36;Montenegro;57;Romania;56;Bosnia-Erzegovina;34;0;0;0;13722000
2018;Parco Forlanini - Cavriano;24;2054;602;2656;186;1943;2220;370;24;17;13;8;1;162;197;39;139;Mali;188;Nigeria;170;Bangladesh;167;0;0;0;2925814,52
2018;Parco Nord;84;48;50;98;18;18;49;24;3;1;1;0;0;2;2;5;13;Cinese, Repubblica Popolare;4;Filippine;3;Egitto;2;1;1;0;1533639,39
2018;Parco Sempione;8;2;0;2;1;0;1;0;0;0;0;0;0;0;0;0;0;;0;;0;;0;0;0;0;470434,33
2018;Porta Garibaldi - Porta Nuova;9;2712;3014;5726;761;817;3422;2055;201;45;17;14;49;169;327;381;1206;Cinese, Repubblica Popolare;119;Per—;75;Filippine;51;1;0;0;785668,25
2018;Porta Genova;50;6838;8240;15078;2322;1216;8078;4319;671;112;34;21;162;325;498;1320;3690;Filippine;165;Egitto;111;Sri Lanka (ex Ceylon);80;4;1;0;996786,39
2018;Porta Magenta;51;12100;14916;27016;4307;2546;14248;7400;1186;185;61;26;292;560;846;2358;6556;Filippine;484;Francia;193;Ucraina;178;4;3;3;1306450,76
2018;Porta Ticinese - Conca del Naviglio;6;9097;10650;19747;2669;2075;11624;7048;725;136;57;27;162;509;871;1419;4390;Filippine;277;Egitto;239;Cinese, Repubblica Popolare;167;7;3;2;1255064,75
2018;Porta Ticinese - Conchetta;44;8148;9109;17257;2534;2194;10167;6292;601;182;75;27;155;519;726;1145;3363;Egitto;247;Filippine;221;Romania;166;4;1;0;1483927,87
2018;Porta Vigentina - Porta Lodovica;5;6416;7300;13716;2120;1437;7364;3857;576;88;30;14;139;333;571;1243;3294;Filippine;175;Sri Lanka (ex Ceylon);155;Egitto;116;4;3;3;1135239,32
2018;Portello;67;4004;4520;8524;1323;888;4532;2312;401;63;23;15;97;186;372;806;2175;Filippine;117;Per—;100;Cinese, Repubblica Popolare;85;3;3;2;909636,6
2018;Pta Romana;27;7863;8837;16700;2313;1735;9690;5797;595;160;54;26;130;420;780;1155;3530;Filippine;259;Cinese, Repubblica Popolare;148;Sri Lanka (ex Ceylon);109;1;2;1;1002793,53
2018;Q.re Gallaratese - Q.re San Leonardo - Lampugnano;65;15094;17575;32669;4447;3777;16340;6678;1848;197;80;64;476;695;758;4542;10802;Filippine;490;Romania;414;Per—;323;6;6;3;3894538,21
2018;QT 8;66;1877;2263;4140;663;475;2093;995;227;29;13;4;42;81;108;429;1049;Filippine;61;Sri Lanka (ex Ceylon);53;Cinese, Repubblica Popolare;44;3;2;1;1024437,42
2018;Quarto Cagnino;61;4788;5170;9958;1559;1115;4749;1954;339;90;44;17;112;209;187;865;2606;Egitto;232;Filippine;165;Cinese, Repubblica Popolare;144;3;1;1;986391,48
2018;Quarto Oggiaro - Vialba - Musocco;76;14790;15939;30729;5040;7434;14582;6198;1180;194;93;116;405;741;592;2611;7042;Cinese, Repubblica Popolare;1794;Egitto;1041;Filippine;711;6;5;3;2778263,75
2018;Quinto Romano;62;2321;2450;4771;643;555;2307;930;151;24;6;10;47;105;115;360;1262;Egitto;105;Filippine;81;Sri Lanka (ex Ceylon);53;1;1;0;1645859,77
2018;Quintosole;39;773;152;925;47;156;784;99;8;2;1;0;10;83;157;24;140;Albania;32;Egitto;27;Romania;24;0;0;0;1057528,77
2018;Rogoredo - Santa Giulia;33;5255;5010;10265;2113;1960;5007;2363;204;98;38;33;63;298;322;417;1472;Egitto;285;Filippine;235;Romania;158;2;1;1;1200161,64
2018;Ronchetto delle Rane;40;389;352;741;135;114;308;99;10;2;0;1;4;10;11;27;110;Egitto;34;Filippine;23;Ecuador;11;0;0;0;188870,6
2018;Ronchetto sul Naviglio - Q.re Lodovico il Moro;48;6901;7726;14627;2060;1866;7500;3471;584;71;34;25;160;336;404;1443;4147;Egitto;403;Filippine;191;Per—;188;4;4;3;2406775,2
2018;Roserio;74;150;112;262;33;69;127;54;7;0;0;0;2;6;9;17;62;Cinese, Repubblica Popolare;27;Brasile;6;Filippine;6;0;0;0;708465,8
2018;San Siro;57;13042;13875;26917;4727;9686;14684;8485;1154;278;91;189;264;685;1006;2075;5606;Egitto;3618;Filippine;1291;Per—;640;2;1;0;984925,54
2018;Sarpi;69;14284;16744;31028;5073;5253;17157;9600;1031;253;99;67;286;720;1167;2174;6230;Cinese, Repubblica Popolare;2272;Filippine;544;Sri Lanka (ex Ceylon);187;5;4;3;1811914,53
2018;Scalo Romana;36;6777;5995;12772;1968;4529;7219;4225;266;120;40;79;91;397;609;607;2165;Egitto;1022;Filippine;699;Bangladesh;328;0;1;0;1736727,98
2018;Stadera - Chiesa Rossa - Q.re Torretta - Conca Fallata;42;14767;15448;30215;4737;6088;16094;8390;1180;220;84;75;291;656;978;2458;6688;Filippine;1067;Egitto;903;Cinese, Repubblica Popolare;454;7;5;3;3232237,35
2018;Stadio - Ippodromi;60;6165;6618;12783;2212;2335;6071;2581;450;78;27;30;119;335;452;1140;2959;Filippine;437;Francia;390;Egitto;157;6;8;3;3435307,37
2018;Stazione Centrale - Ponte Seveso;10;10196;9139;19335;2499;5361;11687;7431;629;138;52;62;143;582;1398;1198;3712;Bangladesh;662;Filippine;588;Cinese, Repubblica Popolare;541;4;4;3;1556077,52
2018;Stephenson;75;69;49;118;15;45;53;20;1;3;1;2;0;2;5;6;19;Filippine;15;Cinese, Repubblica Popolare;6;Sri Lanka (ex Ceylon);4;0;0;0;560097,89
2018;Taliedo - Morsenchio - Q.re Forlanini;30;9093;10329;19422;2910;3349;10072;4795;1182;147;67;50;250;411;547;2496;5206;Per—;415;Filippine;396;Egitto;331;5;4;2;3821389,97
2018;Tibaldi;43;5566;6098;11664;1484;2029;6910;4171;538;77;27;28;122;337;427;1092;2844;Egitto;367;Filippine;320;Cinese, Repubblica Popolare;140;2;1;1;786214,31
2018;Tre Torri;59;1041;1146;2187;461;388;1010;437;65;22;6;6;22;68;112;126;384;Francia;47;Spagna;31;Germania;27;0;0;0;513316,34
2018;Trenno;64;2076;2023;4099;485;370;2093;767;134;23;16;7;31;81;116;305;1267;Somalia;46;Filippine;30;Marocco;25;1;0;0;489710,56
2018;Triulzo Superiore;32;969;729;1698;358;1139;893;523;17;17;4;15;2;63;98;29;130;Egitto;283;Sri Lanka (ex Ceylon);207;Filippine;127;0;0;0;1395022,03
2018;Umbria - Molise - Calvairate;28;10931;12112;23043;3481;4602;12993;7430;1038;205;60;59;227;551;807;1958;5257;Filippine;800;Egitto;697;Cinese, Repubblica Popolare;300;3;1;0;1192396,73
2018;Vigentino - Q.re Fatima;38;7184;7689;14873;2374;1828;7592;3533;546;119;43;32;116;308;428;1244;3770;Filippine;280;Egitto;175;Ecuador;143;4;2;1;1853233,5
2018;Villapizzone - Cagnola - Boldinasco;71;20348;21120;41468;6702;13281;21903;11423;1511;343;135;191;430;1142;1397;3073;8398;Cinese, Repubblica Popolare;2977;Filippine;1938;Egitto;1924;10;8;3;3427070,6
2018;XXII Marzo;26;14735;17255;31990;4810;3125;17394;9372;1356;233;76;44;289;689;1028;2655;7709;Filippine;451;Per—;241;Cinese, Repubblica Popolare;209;5;3;3;1637499,71
2019;Adriano;17;9302;8389;17691;3084;4395;9172;3712;331;139;63;54;112;562;572;767;2748;Egitto;667;Filippine;542;Cinese, Repubblica Popolare;439;4;1;0;2431560,11
2019;Affori;80;12767;12629;25396;4162;7625;13306;6907;831;195;81;87;197;828;886;1758;4920;Cinese, Repubblica Popolare;2129;Egitto;1161;Filippine;1075;6;3;2;2070893,65
2019;Assiano;87;158;137;295;70;31;127;52;7;2;2;0;2;22;8;13;42;Marocco;5;Ucraina;5;Romania;4;0;0;0;5844580,12
2019;Baggio - Q.re degli Olmi - Q.re Valsesia;55;14452;15810;30262;4750;6344;14981;6590;1250;199;109;102;339;782;724;2936;7775;Filippine;1172;Egitto;847;Per—;740;7;3;2;3478599,96
2019;Bande Nere;52;20610;24174;44784;6122;7352;24779;13002;2391;317;118;111;652;1065;1416;5287;11963;Filippine;1661;Egitto;609;Per—;531;13;7;6;2663880,93
2019;Barona;46;7920;8922;16842;2317;2638;8224;3414;794;97;38;48;224;399;292;1848;5375;Egitto;689;Filippine;323;Sri Lanka (ex Ceylon);198;3;3;1;2006324,59
2019;Bicocca;15;4437;4254;8691;1537;1518;4521;2201;165;92;28;21;42;282;282;396;1401;Cinese, Repubblica Popolare;208;Filippine;206;Egitto;187;0;0;0;1534521,13
2019;Bovisa;77;7263;6882;14145;2159;4992;8077;4844;439;118;43;58;102;500;643;853;2409;Egitto;1216;Cinese, Repubblica Popolare;914;Filippine;536;3;2;1;1913132,63
2019;Bovisasca;81;3508;3855;7363;1105;1169;3566;1493;302;41;20;15;101;163;223;728;1996;Cinese, Repubblica Popolare;210;Egitto;138;Per—;106;3;1;1;1576826,44
2019;Brera;2;8574;9962;18536;2957;2727;10544;5919;712;117;39;33;169;529;772;1413;4247;Filippine;388;Sri Lanka (ex Ceylon);213;Francia;146;5;5;3;1637395,23
2019;Bruzzano;83;6216;6586;12802;2131;2558;6208;2658;396;101;45;41;123;363;278;945;3120;Egitto;397;Sri Lanka (ex Ceylon);228;Romania;219;3;2;1;1667691,29
2019;Buenos Aires - Porta Venezia - Porta Monforte;21;29398;33414;62812;9005;7730;35349;20244;2532;454;171;101;547;1509;2368;4923;14464;Filippine;1200;Cinese, Repubblica Popolare;763;Bangladesh;416;9;5;4;2877542,27
2019;Cantalupa;47;285;254;539;92;108;269;124;2;9;4;3;1;10;16;19;97;Cinese, Repubblica Popolare;17;Egitto;17;Romania;10;0;0;0;926716,81
2019;Cascina Merlata;73;807;115;922;20;258;873;8;0;1;1;0;3;73;120;2;55;Marocco;66;Albania;45;Romania;27;0;0;0;1729126,90
2019;Chiaravalle;34;555;506;1061;122;150;560;268;31;5;2;3;15;24;19;63;287;Egitto;31;Bangladesh;23;Filippine;21;1;0;0;311640,12
2019;Cimiano - Rottole - Q.re Feltre;18;9250;10449;19699;2729;3179;10675;5601;1150;140;46;46;246;557;608;2339;5433;Filippine;580;Egitto;337;Per—;309;7;4;3;4971969,50
2019;Citta' studi;22;16930;19629;36559;4795;5366;21182;12452;1832;235;89;58;400;921;1314;3456;9043;Filippine;844;Per—;449;Sri Lanka (ex Ceylon);417;7;8;5;2207487,44
2019;Comasina;82;4778;4841;9619;1713;3462;4575;2061;312;76;33;46;90;353;291;640;1820;Cinese, Repubblica Popolare;1330;Egitto;447;Romania;231;3;2;2;926734,56
2019;Corsica;25;9149;10649;19798;2793;2825;10990;6065;896;154;55;40;198;429;630;1844;4796;Filippine;596;Cinese, Repubblica Popolare;232;Per—;218;5;3;3;1081329,70
2019;De Angeli - Monte Rosa;58;9800;11735;21535;3238;2623;11733;6201;936;154;58;34;217;502;763;1954;5168;Filippine;335;Francia;309;Cinese, Repubblica Popolare;188;3;2;3;1323078,54
2019;Dergano;79;12238;11236;23474;3777;8115;12926;7570;685;202;78;106;161;695;990;1442;3963;Cinese, Repubblica Popolare;1785;Egitto;1753;Filippine;965;3;3;3;1358615,04
2019;Duomo;1;8123;8904;17027;2649;2198;9487;5358;617;125;49;32;131;534;816;1214;3803;Filippine;367;Sri Lanka (ex Ceylon);241;Francia;152;4;4;3;2341704,07
2019;Farini;78;2037;1799;3836;532;1312;2241;1360;101;35;9;17;40;104;147;198;640;Egitto;330;Cinese, Repubblica Popolare;308;Filippine;117;0;0;0;1010230,89
2019;Figino;63;1205;1231;2436;450;604;1152;500;46;23;15;13;15;75;91;117;454;Filippine;93;Egitto;89;Per—;78;2;2;1;1424713,85
2019;Forze Armate;56;11877;13108;24985;3898;5017;12613;5930;975;171;68;74;250;548;842;2137;6344;Egitto;982;Filippine;914;Per—;451;7;5;2;3206902,39
2019;Ghisolfa;70;8599;9608;18207;2834;3129;10023;5494;806;153;63;48;156;483;606;1475;3855;Cinese, Repubblica Popolare;618;Filippine;507;Egitto;348;0;0;0;1051452,21
2019;Giambellino;49;15009;16592;31601;5045;8371;16929;9279;1357;253;96;121;338;854;902;2529;6938;Egitto;2167;Filippine;1408;Sri Lanka (ex Ceylon);713;2;2;2;1965274,21
2019;Giardini P.ta Venezia;3;22;23;45;7;11;24;13;1;0;0;0;0;0;5;2;7;Romania;4;Filippine;3;Sri Lanka (ex Ceylon);3;1;0;0;249646,83
2019;Gorla - Precotto;16;14567;15231;29798;4584;7011;16049;8398;957;205;83;87;306;963;1095;2166;6508;Filippine;1628;Egitto;861;Per—;619;9;6;2;1135239,32
2019;Gratosoglio - Q.re Missaglia - Q.re Terrazze;41;8956;9955;18911;2932;3120;8806;3584;935;112;37;50;235;473;291;2297;5291;Egitto;553;Filippine;395;Marocco;264;3;4;2;3312818,32
2019;Greco - Segnano;13;7915;8149;16064;2483;3960;8720;4552;657;127;43;47;151;454;548;1339;3369;Filippine;801;Cinese, Repubblica Popolare;685;Egitto;379;2;2;2;1768669,43
2019;Guastalla;4;7098;8398;15496;2322;1862;8475;4637;636;108;35;27;151;314;613;1253;3797;Filippine;369;Sri Lanka (ex Ceylon);284;Romania;96;6;7;9;1548020,74
2019;Isola;11;11290;11808;23098;3186;4430;13577;8304;842;179;74;49;188;692;994;1654;4605;Cinese, Repubblica Popolare;876;Egitto;624;Filippine;438;4;3;3;1322966,34
2019;Lambrate - Ortica;23;5705;6016;11721;1933;2065;6337;3398;356;105;38;32;117;335;450;850;2175;Filippine;377;Egitto;283;Romania;151;6;4;2;3096861,87
2019;Lodi - Corvetto;35;17632;19076;36708;5570;9812;20209;11060;1580;295;118;150;470;968;1292;3250;8473;Filippine;1703;Egitto;1660;Per—;769;9;7;4;3639092,52
2019;Lorenteggio;53;6866;7567;14433;2272;2142;7192;3286;699;124;42;34;186;303;347;1620;3611;Egitto;442;Filippine;261;Romania;184;5;4;2;2635327,10
2019;Loreto - Casoretto - NoLo;20;23811;21653;45464;6266;15604;27172;17491;1325;359;118;180;335;1611;1965;2631;7904;Egitto;2940;Filippine;2773;Bangladesh;1972;6;5;3;1747565,53
2019;Maciachini - Maggiolina;12;12543;13691;26234;3665;5240;14416;8024;1239;163;61;56;225;679;815;2292;6213;Cinese, Repubblica Popolare;940;Filippine;903;Egitto;681;8;3;2;1674980,95
2019;Magenta - S.Vittore;7;8401;9619;18020;3048;1972;9526;4907;657;110;33;25;169;435;817;1327;3975;Filippine;261;Francia;213;Sri Lanka (ex Ceylon);206;5;6;4;1390146,88
2019;Maggiore - Musocco - Certosa;72;3342;3436;6778;1131;1217;3520;1721;179;73;29;20;49;165;297;441;1340;Egitto;137;Filippine;127;Romania;119;2;2;1;3030188,71
2019;Moncucco - San Cristoforo;45;6855;7032;13887;2094;2865;7750;4445;479;99;46;38;126;424;547;1023;3021;Egitto;858;Filippine;249;Sri Lanka (ex Ceylon);226;5;1;1;1596174,14
2019;Monlue' - Ponte Lambro;31;2873;2426;5299;969;2123;2693;1108;100;48;19;33;28;222;199;227;761;Egitto;366;Per—;224;Ecuador;171;1;1;0;2639289,21
2019;Morivione;37;3839;4050;7889;1223;1320;4375;2183;232;55;24;17;122;201;287;668;1651;Filippine;227;Egitto;170;Cinese, Repubblica Popolare;146;2;2;2;817976,68
2019;Muggiano;54;1535;1599;3134;643;212;1385;535;41;24;11;3;15;85;98;115;395;Romania;25;Ecuador;23;Sri Lanka (ex Ceylon);21;1;1;0;444218,42
2019;N.D.;;;;;;;;;;;;;;;;;;;;;;;;;;;
2019;Niguarda - Ca? Granda - Prato Centenaro - Q.re Fulvio Testi;14;17410;19317;36727;5365;5762;19114;9253;1691;246;112;92;440;1097;851;3700;9819;Egitto;840;Cinese, Repubblica Popolare;709;Filippine;565;10;6;4;4251281,95
2019;Ortomercato;29;2174;2086;4260;644;1657;2474;1478;156;31;11;21;40;150;160;334;837;Egitto;421;Cinese, Repubblica Popolare;218;Filippine;201;1;1;1;1402519,65
2019;Padova - Turro - Crescenzago;19;18815;18971;37786;5516;13131;21140;12235;1558;293;113;175;331;1231;1295;3069;7756;Filippine;2670;Egitto;2428;Cinese, Repubblica Popolare;1400;7;4;4;2061945,50
2019;Pagano;68;8434;9517;17951;3096;1822;9027;4338;738;117;30;18;147;353;626;1481;4141;Filippine;239;Francia;200;Sri Lanka (ex Ceylon);152;2;2;2;1289734,29
2019;Parco Bosco in citta';88;318;315;633;163;165;355;135;5;10;4;7;2;13;28;18;85;Romania;74;Filippine;14;Per—;12;0;0;0;7837668,61
2019;Parco dei Navigli;86;192;138;330;66;85;164;70;2;8;4;5;4;17;26;7;33;Egitto;37;Romania;13;Marocco;8;0;0;0;3617836,27
2019;Parco delle Abbazie;85;240;225;465;136;186;180;75;3;4;4;2;3;6;8;7;39;Montenegro;55;Romania;52;Bosnia-Erzegovina;36;0;0;0;13722000,00
2019;Parco Forlanini - Cavriano;24;1843;608;2451;194;1708;2006;389;24;11;6;7;5;214;71;39;138;Mali;155;Bangladesh;152;Guinea;148;0;0;0;2925814,52
2019;Parco Nord;84;50;51;101;19;22;53;28;3;0;0;0;1;2;7;4;14;Cinese, Repubblica Popolare;5;Egitto;5;Filippine;3;1;1;1;1533639,39
2019;Parco Sempione;8;2;0;2;1;0;1;0;0;0;0;0;0;0;0;0;0;;0;;0;;0;0;0;0;470434,33
2019;Porta Garibaldi - Porta Nuova;9;2771;3038;5809;780;839;3475;2096;203;53;21;12;46;193;347;391;1209;Cinese, Repubblica Popolare;126;Per—;62;Filippine;57;1;0;0;785668,25
2019;Porta Genova;50;6917;8306;15223;2339;1276;8173;4371;664;110;35;18;136;307;491;1359;3676;Filippine;164;Egitto;115;Cinese, Repubblica Popolare;83;3;2;0;996786,39
2019;Porta Magenta;51;12293;15038;27331;4330;2616;14492;7615;1194;205;66;38;253;520;840;2404;6549;Filippine;470;Francia;209;Sri Lanka (ex Ceylon);183;4;3;3;1306450,76
2019;Porta Ticinese - Conca del Naviglio;6;9286;10736;20022;2651;2241;11980;7446;756;146;55;24;167;538;1101;1482;4410;Filippine;272;Egitto;236;Cinese, Repubblica Popolare;179;7;3;2;1255064,75
2019;Porta Ticinese - Conchetta;44;8180;9056;17236;2510;2202;10201;6338;606;136;50;29;154;506;731;1160;3359;Egitto;259;Filippine;217;Romania;164;4;1;0;1483927,87
2019;Porta Vigentina - Porta Lodovica;5;6465;7358;13823;2103;1442;7483;3966;586;96;31;21;125;306;530;1275;3282;Filippine;173;Sri Lanka (ex Ceylon);150;Egitto;115;4;3;3;3427070,60
2019;Portello;67;4146;4618;8764;1355;928;4697;2412;409;65;15;12;89;160;307;841;2186;Filippine;119;Cinese, Repubblica Popolare;108;Per—;88;3;3;2;909636,60
2019;Pta Romana;27;7919;8896;16815;2334;1770;9780;5841;599;136;45;24;149;420;769;1205;3532;Filippine;235;Cinese, Repubblica Popolare;149;Egitto;110;1;2;1;1002793,53
2019;Q.re Gallaratese - Q.re San Leonardo - Lampugnano;65;15214;17552;32766;4422;4104;16579;7048;1921;168;71;67;451;579;762;4734;10624;Filippine;529;Romania;465;Cinese, Repubblica Popolare;365;6;6;3;3894538,21
2019;QT 8;66;1902;2252;4154;663;466;2108;1009;220;29;12;4;46;88;115;414;1051;Sri Lanka (ex Ceylon);57;Cinese, Repubblica Popolare;49;Filippine;44;3;2;1;1024437,42
2019;Quarto Cagnino;61;4790;5211;10001;1568;1140;4788;1979;354;62;26;20;93;170;182;924;2607;Egitto;262;Filippine;171;Cinese, Repubblica Popolare;147;3;1;1;986391,48
2019;Quarto Oggiaro - Vialba - Musocco;76;14860;15993;30853;4977;7983;14752;6354;1180;174;90;81;347;819;611;2647;7085;Cinese, Repubblica Popolare;1931;Egitto;1165;Filippine;772;6;4;3;2778263,75
2019;Quinto Romano;62;2331;2437;4768;632;601;2329;970;158;26;8;10;43;115;82;391;1289;Egitto;130;Filippine;81;Sri Lanka (ex Ceylon);57;1;1;;1645859,77
2019;Quintosole;39;809;152;961;45;153;820;99;7;3;3;6;6;83;92;21;140;Romania;26;Egitto;25;Albania;23;0;0;0;1057528,77
2019;Rogoredo - Santa Giulia;33;5328;5074;10402;2093;2077;5098;2421;199;104;44;26;72;268;313;438;1497;Egitto;325;Filippine;240;Romania;163;2;1;1;1200161,64
2019;Ronchetto delle Rane;40;392;355;747;135;115;311;101;11;4;3;11;6;15;17;25;119;Egitto;40;Filippine;18;Sri Lanka (ex Ceylon);12;0;0;0;188870,60
2019;Ronchetto sul Naviglio - Q.re Lodovico il Moro;48;6959;7743;14702;2054;1928;7618;3588;613;81;36;21;158;375;407;1527;4134;Egitto;403;Filippine;189;Per—;184;4;4;3;2406775,20
2019;Roserio;74;144;117;261;33;80;130;59;6;1;0;0;1;10;8;17;61;Cinese, Repubblica Popolare;28;Filippine;12;Brasile;6;0;0;0;708465,80
2019;San Siro;57;13096;13932;27028;4763;9934;14739;8535;1168;250;67;157;264;761;896;2098;5562;Egitto;3732;Filippine;1311;Marocco;662;2;1;0;984925,54
2019;Sarpi;69;14410;16862;31272;5091;5339;17308;9731;1049;240;108;60;265;693;1125;2222;6276;Cinese, Repubblica Popolare;2336;Filippine;527;Francia;193;5;4;3;1811914,53
2019;Scalo Romana;36;6703;5941;12644;1979;4399;7155;4226;275;131;47;55;88;502;446;624;2167;Egitto;1005;Filippine;705;Bangladesh;297;0;1;0;1736727,98
2019;Stadera - Chiesa Rossa - Q.re Torretta - Conca Fallata;42;14773;15475;30248;4665;6169;16232;8565;1212;228;106;99;294;765;893;2526;6693;Filippine;1064;Egitto;912;Cinese, Repubblica Popolare;507;7;5;3;3232237,35
2019;Stadio - Ippodromi;60;6256;6696;12952;2211;2404;6172;2654;489;71;33;29;112;319;401;1197;2974;Filippine;436;Francia;399;Egitto;166;6;8;3;3435307,37
2019;Stazione Centrale - Ponte Seveso;10;10160;9140;19300;2439;5264;11675;7417;635;130;44;59;151;598;791;1226;3727;Bangladesh;638;Cinese, Repubblica Popolare;566;Filippine;552;4;4;3;1556077,52
2019;Stephenson;75;67;47;114;13;40;59;30;1;0;0;0;1;9;8;5;17;Filippine;12;Cinese, Repubblica Popolare;6;Sri Lanka (ex Ceylon);4;0;0;0;560097,89
2019;Taliedo - Morsenchio - Q.re Forlanini;30;9158;10361;19519;2937;3437;10154;4908;1206;134;62;57;286;447;437;2519;5119;Per—;416;Filippine;399;Egitto;388;5;4;2;3821389,97
2019;Tibaldi;43;5628;6140;11768;1470;2048;7002;4281;545;97;34;36;146;288;483;1103;2812;Egitto;358;Filippine;324;Per—;137;2;1;1;786214,31
2019;Tre Torri;59;1069;1215;2284;497;398;1050;448;71;13;5;1;14;72;109;131;389;Francia;53;Spagna;32;Cinese, Repubblica Popolare;30;0;0;0;513316,34
2019;Trenno;64;2076;2039;4115;495;401;2135;782;126;16;8;2;42;99;81;310;1274;Somalia;46;Filippine;26;El Salvador;23;1;0;0;489710,56
2019;Triulzo Superiore;32;990;741;1731;367;1174;895;512;16;27;3;24;3;67;81;30;142;Egitto;305;Sri Lanka (ex Ceylon);209;Filippine;131;0;0;0;1395022,03
2019;Umbria - Molise - Calvairate;28;10999;12128;23127;3469;4668;13146;7638;1040;193;61;77;228;665;770;1942;5212;Filippine;824;Egitto;699;Cinese, Repubblica Popolare;304;3;1;0;1192396,73
2019;Vigentino - Q.re Fatima;38;7347;7813;15160;2430;1884;7756;3641;566;120;50;30;130;313;448;1320;3788;Filippine;288;Egitto;189;Romania;148;4;2;1;1853233,50
2019;Villapizzone - Cagnola - Boldinasco;71;20631;21343;41974;6680;13605;22329;11806;1513;329;137;191;430;1153;1402;3117;8442;Cinese, Repubblica Popolare;3055;Egitto;2017;Filippine;1929;10;8;3;3005623,49
2019;XXII Marzo;26;14697;17258;31955;4761;3157;17447;9499;1380;233;85;42;347;740;996;2706;7632;Filippine;439;Per—;237;Cinese, Repubblica Popolare;213;5;3;3;1637499,71
2020;Adriano;17;9284;8401;17685;3045;4374;9120;3758;342;163;70;60;133;594;433;768;2791;Egitto;681;Filippine;537;Cinese, Repubblica Popolare;456;4;1;0;2431560,11
2020;Affori;80;12735;12570;25305;4066;7565;13334;6993;874;195;79;72;285;735;741;1768;4872;Cinese, Repubblica Popolare;2161;Egitto;1108;Filippine;1042;6;3;2;2070893,65
2020;Assiano;87;146;125;271;59;33;117;45;5;1;0;0;3;24;3;13;43;Ucraina;5;Albania;4;Marocco;4;0;0;0;5844580,12
2020;Baggio - Q.re degli Olmi - Q.re Valsesia;55;14276;15640;29916;4579;6409;14898;6704;1336;164;74;81;482;798;612;2966;7675;Filippine;1166;Egitto;881;Per—;752;7;3;2;3478599,96
2020;Bande Nere;52;20369;23853;44222;6035;7231;24499;13073;2421;323;116;96;920;1147;1228;5119;11482;Filippine;1624;Egitto;582;Per—;513;12;6;6;2663880,93
2020;Barona;46;7804;8812;16616;2337;2819;8123;3467;830;102;40;51;343;420;249;1843;5284;Egitto;830;Filippine;334;Sri Lanka (ex Ceylon);208;3;3;1;2006324,59
2020;Bicocca;15;4338;4245;8583;1510;1488;4434;2181;167;74;23;20;70;291;220;397;1401;Egitto;208;Cinese, Repubblica Popolare;207;Filippine;186;0;0;0;1534521,13
2020;Bovisa;77;7158;6797;13955;2088;4848;7997;4801;429;102;44;49;142;562;515;856;2383;Egitto;1095;Cinese, Repubblica Popolare;901;Filippine;543;3;2;1;1913132,63
2020;Bovisasca;81;3461;3812;7273;1070;1183;3532;1492;303;47;23;21;124;208;140;748;1959;Cinese, Repubblica Popolare;227;Egitto;151;Per—;95;3;1;1;1576826,44
2020;Brera;2;8538;9954;18492;2909;2751;10564;5993;735;133;44;26;198;569;678;1454;4278;Filippine;390;Sri Lanka (ex Ceylon);214;Francia;133;5;5;3;1637395,23
2020;Bruzzano;83;6101;6526;12627;2092;2535;6170;2690;424;81;30;35;158;414;204;998;3110;Egitto;394;Sri Lanka (ex Ceylon);233;Filippine;220;3;2;1;1667691,29
2020;Buenos Aires - Porta Venezia - Porta Monforte;21;29304;33043;62347;8829;7762;35094;20146;2597;464;170;93;764;1704;2064;4936;14348;Filippine;1140;Cinese, Repubblica Popolare;760;Bangladesh;419;9;5;4;2877542,27
2020;Cantalupa;47;294;257;551;98;121;276;135;5;6;5;2;2;25;22;21;101;Egitto;27;Cinese, Repubblica Popolare;16;Cuba;10;0;0;0;926716,81
2020;Cascina Merlata;73;816;117;933;20;292;888;2;0;0;0;0;1;97;123;0;52;Marocco;75;Albania;54;Romania;26;0;0;0;1729126,90
2020;Chiaravalle;34;544;492;1036;110;137;556;273;29;4;2;0;15;32;21;65;291;Egitto;25;Filippine;23;Bangladesh;20;0;0;0;311640,12
2020;Cimiano - Rottole - Q.re Feltre;18;9235;10361;19596;2686;3138;10620;5594;1115;110;37;29;328;569;540;2312;5296;Filippine;551;Egitto;344;Per—;291;7;4;3;4971969,50
2020;Citta' studi;22;16808;19568;36376;4709;5373;21111;12474;1835;270;103;60;473;1025;1172;3480;8916;Filippine;836;Per—;421;Sri Lanka (ex Ceylon);398;7;8;5;2207487,44
2020;Comasina;82;4698;4797;9495;1666;3545;4538;2084;309;96;43;62;119;404;226;637;1790;Cinese, Repubblica Popolare;1427;Egitto;451;Romania;220;3;2;2;926734,56
2020;Corsica;25;9087;10571;19658;2794;2785;10913;6061;899;153;53;35;266;516;520;1827;4712;Filippine;570;Cinese, Repubblica Popolare;236;Egitto;204;6;4;3;1081329,70
2020;De Angeli - Monte Rosa;58;9776;11618;21394;3156;2634;11592;6069;939;146;56;33;276;530;627;1931;5127;Filippine;331;Francia;303;Cinese, Repubblica Popolare;193;3;2;3;1323078,54
2020;Dergano;79;12285;11261;23546;3750;8168;13017;7653;686;194;78;96;221;735;864;1452;3913;Cinese, Repubblica Popolare;1767;Egitto;1748;Filippine;962;3;3;3;1358615,04
2020;Duomo;1;7957;8808;16765;2600;2221;9216;5122;626;109;52;21;179;600;667;1218;3755;Filippine;356;Sri Lanka (ex Ceylon);242;Francia;163;4;4;3;2341704,07
2020;Farini;78;2015;1792;3807;506;1289;2228;1344;103;25;15;9;32;131;138;201;642;Egitto;328;Cinese, Repubblica Popolare;292;Filippine;112;0;0;0;1010230,89
2020;Figino;63;1186;1219;2405;452;592;1141;501;51;15;8;9;27;80;45;120;461;Egitto;100;Filippine;93;Romania;76;2;2;1;1424713,85
2020;Forze Armate;56;11839;13032;24871;3859;5153;12705;6115;990;162;62;71;310;638;548;2177;6370;Egitto;952;Filippine;910;Per—;457;6;5;2;3206902,39
2020;Ghisolfa;70;8574;9548;18122;2812;3077;9968;5492;808;144;55;38;223;457;470;1474;3775;Cinese, Repubblica Popolare;606;Filippine;512;Egitto;338;0;0;1;1051452,21
2020;Giambellino;49;14815;16361;31176;4892;8300;16744;9222;1320;244;87;118;421;993;686;2473;6773;Egitto;2120;Filippine;1425;Sri Lanka (ex Ceylon);726;2;2;2;1965274,21
2020;Giardini P.ta Venezia;3;18;18;36;5;8;20;12;1;0;0;0;1;6;3;1;6;Romania;4;Filippine;3;Ucraina;1;1;0;0;249646,83
2020;Gorla - Precotto;16;14434;15089;29523;4463;6895;15957;8436;993;236;95;94;369;988;786;2165;6406;Filippine;1594;Egitto;817;Cinese, Repubblica Popolare;600;9;6;2;1135239,32
2020;Gratosoglio - Q.re Missaglia - Q.re Terrazze;41;8796;9802;18598;2886;3170;8645;3541;953;100;51;31;352;464;218;2275;5140;Egitto;569;Filippine;401;Sri Lanka (ex Ceylon);272;3;3;1;3312818,32
2020;Greco - Segnano;13;7892;8140;16032;2440;3929;8774;4634;634;103;50;33;203;538;520;1330;3303;Filippine;748;Cinese, Repubblica Popolare;689;Egitto;367;2;2;2;1768669,43
2020;Guastalla;4;7029;8335;15364;2260;1896;8396;4599;656;89;29;14;172;395;492;1296;3778;Filippine;359;Sri Lanka (ex Ceylon);290;Romania;101;5;6;8;1548020,74
2020;Isola;11;11180;11679;22859;3155;4397;13408;8151;834;194;89;50;265;736;833;1627;4524;Cinese, Repubblica Popolare;920;Egitto;604;Filippine;438;3;2;2;1322966,34
2020;Lambrate - Ortica;23;5752;6067;11819;1950;2040;6398;3471;347;104;40;34;199;351;393;797;2094;Filippine;368;Egitto;242;Sri Lanka (ex Ceylon);156;6;4;2;3096861,87
2020;Lodi - Corvetto;35;17446;18683;36129;5411;9770;19980;11029;1579;253;110;130;564;1222;929;3204;8254;Egitto;1668;Filippine;1646;Per—;758;9;7;4;3639092,52
2020;Lorenteggio;53;6797;7521;14318;2276;2162;7153;3305;699;98;33;34;256;376;277;1580;3523;Egitto;413;Filippine;266;Sri Lanka (ex Ceylon);178;5;4;2;2635327,10
2020;Loreto - Casoretto - NoLo;20;23207;21365;44572;5944;14899;26833;17348;1339;319;132;160;411;1921;1647;2631;7831;Egitto;2703;Filippine;2662;Bangladesh;1849;5;4;3;1747565,53
2020;Maciachini - Maggiolina;12;12428;13557;25985;3580;5243;14365;8060;1218;167;65;59;341;757;780;2268;6153;Cinese, Repubblica Popolare;925;Filippine;882;Egitto;659;8;3;2;1674980,95
2020;Magenta - S.Vittore;7;8396;9566;17962;3022;2035;9497;4885;666;140;55;30;204;470;628;1350;3934;Filippine;266;Francia;223;Sri Lanka (ex Ceylon);201;5;6;4;1390146,88
2020;Maggiore - Musocco - Certosa;72;3552;3626;7178;1219;1274;3720;1824;185;74;34;20;54;163;284;476;1356;Filippine;146;Egitto;138;Per—;123;2;3;1;3030188,71
2020;Moncucco - San Cristoforo;45;6815;6978;13793;2089;2868;7657;4377;503;115;42;43;166;417;423;1064;2966;Egitto;894;Filippine;243;Sri Lanka (ex Ceylon);237;4;2;2;1596174,14
2020;Monlue' - Ponte Lambro;31;2816;2397;5213;931;2122;2643;1117;98;44;19;29;61;438;230;225;752;Egitto;390;Per—;227;Filippine;165;1;1;0;2639289,21
2020;Morivione;37;3774;4012;7786;1192;1317;4306;2192;240;68;25;23;175;247;271;636;1600;Filippine;228;Egitto;160;Cinese, Repubblica Popolare;145;1;1;1;817976,68
2020;Muggiano;54;1510;1578;3088;611;197;1358;511;43;19;11;4;16;53;38;119;389;Ecuador;23;Romania;22;Sri Lanka (ex Ceylon);22;1;1;0;444218,42
2020;N.D.;;;;;;;;;;;;;;;;;;;;;;;;;;;
2020;Niguarda - Ca? Granda - Prato Centenaro - Q.re Fulvio Testi;14;17151;19030;36181;5194;5728;18904;9290;1680;211;81;70;614;1029;660;3668;9615;Egitto;807;Cinese, Repubblica Popolare;726;Filippine;583;10;6;4;4251281,95
2020;Ortomercato;29;2149;2034;4183;616;1600;2450;1489;152;36;10;22;61;149;121;315;803;Cinese, Repubblica Popolare;211;Filippine;185;Bangladesh;113;1;1;1;1402519,65
2020;Padova - Turro - Crescenzago;19;18615;18793;37408;5449;13045;20972;12174;1556;279;110;164;448;1324;1092;3051;7670;Filippine;2696;Egitto;2425;Cinese, Repubblica Popolare;1402;7;4;4;2061945,50
2020;Pagano;68;8388;9495;17883;3066;1814;8967;4300;748;106;28;18;211;437;441;1475;4097;Filippine;226;Francia;184;Sri Lanka (ex Ceylon);151;2;2;2;1289734,29
2020;Parco Bosco in citta';88;325;320;645;158;163;351;144;7;4;1;0;3;13;20;22;81;Romania;66;India;12;Per—;12;0;0;0;7837668,61
2020;Parco dei Navigli;86;181;137;318;60;83;163;71;2;1;0;0;0;17;14;10;39;Egitto;31;Romania;12;Marocco;11;0;0;0;3617836,27
2020;Parco delle Abbazie;85;226;214;440;133;172;166;68;3;6;5;5;4;29;3;9;44;Montenegro;53;Romania;50;Bosnia-Erzegovina;33;0;0;0;13722000,00
2020;Parco Forlanini - Cavriano;24;1788;636;2424;216;1678;1978;398;22;16;10;11;8;141;179;35;134;Bangladesh;143;Pakistan;142;Guinea;140;0;0;0;2925814,52
2020;Parco Nord;84;51;53;104;17;23;56;29;3;0;0;0;1;3;5;4;13;Cinese, Repubblica Popolare;5;Egitto;5;Filippine;4;1;1;1;1533639,39
2020;Parco Sempione;8;0;0;0;0;0;0;0;0;0;0;0;0;2;0;0;0;;0;;0;;0;0;0;0;470434,33
2020;Porta Garibaldi - Porta Nuova;9;2762;3101;5863;802;878;3505;2120;197;48;22;10;77;201;316;381;1200;Cinese, Repubblica Popolare;123;Filippine;60;Per—;58;1;0;0;785668,25
2020;Porta Genova;50;6968;8260;15228;2313;1309;8152;4342;662;113;43;18;206;342;464;1359;3629;Filippine;162;Egitto;112;Cinese, Repubblica Popolare;98;3;2;0;996786,39
2020;Porta Magenta;51;12192;14896;27088;4252;2590;14347;7565;1225;179;57;34;337;631;715;2415;6464;Filippine;469;Francia;205;Sri Lanka (ex Ceylon);175;4;3;3;1306450,76
2020;Porta Ticinese - Conca del Naviglio;6;9325;10683;20008;2589;2430;12042;7549;788;126;63;33;200;578;792;1522;4406;Filippine;280;Egitto;238;Cinese, Repubblica Popolare;189;7;3;2;1255064,75
2020;Porta Ticinese - Conchetta;44;8095;8935;17030;2461;2184;10085;6282;603;137;55;25;188;496;582;1137;3294;Egitto;254;Filippine;204;Romania;165;4;1;0;1483927,87
2020;Porta Vigentina - Porta Lodovica;5;6416;7270;13686;2050;1433;7406;3972;598;84;31;10;191;354;433;1253;3179;Filippine;168;Sri Lanka (ex Ceylon);144;Egitto;114;4;3;3;3427070,60
2020;Portello;67;4201;4662;8863;1375;951;4740;2448;413;71;22;17;98;188;246;847;2189;Filippine;114;Cinese, Repubblica Popolare;109;Per—;79;3;2;1;909636,60
2020;Pta Romana;27;7896;8843;16739;2305;1780;9711;5804;629;142;55;18;173;480;602;1230;3514;Filippine;229;Cinese, Repubblica Popolare;154;Sri Lanka (ex Ceylon);107;1;2;1;1002793,53
2020;Q.re Gallaratese - Q.re San Leonardo - Lampugnano;65;15170;17374;32544;4352;4364;16586;7267;2000;179;77;60;673;714;713;4732;10246;Filippine;524;Romania;489;Cinese, Repubblica Popolare;439;6;6;3;3894538,21
2020;QT 8;66;1873;2225;4098;651;454;2080;1012;232;26;10;6;70;95;81;414;1042;Sri Lanka (ex Ceylon);58;Filippine;49;Cinese, Repubblica Popolare;48;3;2;1;1024437,42
2020;Quarto Cagnino;61;4721;5133;9854;1545;1126;4723;1955;356;64;25;19;137;193;145;965;2561;Egitto;248;Filippine;165;Cinese, Repubblica Popolare;159;3;1;1;986391,48
2020;Quarto Oggiaro - Vialba - Musocco;76;14843;15886;30729;4929;8374;14758;6420;1172;198;92;130;513;799;566;2556;6971;Cinese, Repubblica Popolare;1991;Egitto;1295;Filippine;776;6;4;2;2778263,75
2020;Quinto Romano;62;2306;2430;4736;601;616;2335;996;166;19;12;6;72;85;67;389;1291;Egitto;129;Filippine;80;Sri Lanka (ex Ceylon);62;1;1;0;1645859,77
2020;Quintosole;39;807;151;958;45;155;812;93;6;0;;10;5;65;81;20;149;Egitto;28;Romania;23;Albania;19;0;0;0;1057528,77
2020;Rogoredo - Santa Giulia;33;5586;5261;10847;2147;2168;5351;2581;193;96;32;24;66;275;431;443;1510;Egitto;336;Filippine;251;Per—;161;2;1;1;1200161,64
2020;Ronchetto delle Rane;40;382;349;731;123;118;306;105;9;5;2;12;7;16;5;24;116;Egitto;40;Filippine;18;Ecuador;13;0;0;0;188870,60
2020;Ronchetto sul Naviglio - Q.re Lodovico il Moro;48;6877;7686;14563;1985;1907;7624;3674;629;87;36;20;238;394;355;1573;4049;Egitto;385;Filippine;205;Per—;173;4;4;4;2406775,20
2020;Roserio;74;138;112;250;33;71;123;54;4;1;0;0;3;12;6;14;60;Cinese, Repubblica Popolare;25;Filippine;9;Brasile;6;0;0;0;708465,80
2020;San Siro;57;12877;13709;26586;4681;9837;14462;8350;1169;243;77;144;365;859;701;2064;5409;Egitto;3725;Filippine;1290;Marocco;668;2;2;1;984925,54
2020;Sarpi;69;14324;16661;30985;5057;5302;17138;9663;1073;257;112;60;386;777;876;2162;6160;Cinese, Repubblica Popolare;2284;Filippine;502;Francia;193;5;4;3;1811914,53
2020;Scalo Romana;36;6537;5889;12426;1925;4242;6991;4111;292;96;34;49;101;432;326;654;2158;Egitto;937;Filippine;694;Sri Lanka (ex Ceylon);278;1;2;1;1736727,98
2020;Stadera - Chiesa Rossa - Q.re Torretta - Conca Fallata;42;14465;15218;29683;4490;5947;15963;8481;1247;221;96;68;395;882;632;2496;6593;Filippine;1057;Egitto;885;Cinese, Repubblica Popolare;493;7;5;3;3232237,35
2020;Stadio - Ippodromi;60;6323;6757;13080;2224;2416;6231;2700;514;78;27;28;158;338;430;1199;2955;Francia;459;Filippine;420;Egitto;165;7;8;3;3435307,37
2020;Stazione Centrale - Ponte Seveso;10;9841;8990;18831;2408;4919;11311;7116;638;145;54;57;186;683;673;1242;3711;Cinese, Repubblica Popolare;577;Bangladesh;561;Filippine;535;5;5;4;1556077,52
2020;Stephenson;75;71;52;123;16;48;65;35;0;0;0;0;1;1;13;6;17;Filippine;12;Cinese, Repubblica Popolare;11;Iran, Repubblica Islamica del;4;0;0;0;560097,89
2020;Taliedo - Morsenchio - Q.re Forlanini;30;9052;10215;19267;2916;3454;9998;4878;1167;138;68;51;391;531;375;2384;4910;Filippine;423;Egitto;420;Per—;406;5;4;2;3821389,97
2020;Tibaldi;43;5540;6032;11572;1437;1980;6866;4178;524;78;38;24;157;343;383;1090;2741;Egitto;345;Filippine;321;Per—;125;2;1;1;786214,31
2020;Tre Torri;59;1084;1238;2322;510;383;1065;458;74;12;5;5;14;74;82;130;405;Francia;56;Cinese, Repubblica Popolare;34;Spagna;28;0;0;0;513316,34
2020;Trenno;64;2012;2031;4043;483;359;2091;795;129;16;7;5;49;126;61;347;1275;Somalia;29;Filippine;25;El Salvador;24;1;0;0;489710,56
2020;Triulzo Superiore;32;955;732;1687;352;1140;881;513;18;13;4;11;6;92;65;33;148;Egitto;296;Sri Lanka (ex Ceylon);194;Filippine;133;0;0;0;1395022,03
2020;Umbria - Molise - Calvairate;28;10906;12076;22982;3426;4619;13053;7546;1043;182;72;56;282;672;679;1958;5149;Filippine;840;Egitto;677;Cinese, Repubblica Popolare;302;3;1;0;1192396,73
2020;Vigentino - Q.re Fatima;38;7271;7840;15111;2421;1820;7725;3637;590;113;39;22;197;359;321;1365;3740;Filippine;276;Egitto;177;Sri Lanka (ex Ceylon);136;4;2;1;1853233,50
2020;Villapizzone - Cagnola - Boldinasco;71;20396;21009;41405;6556;13403;22062;11815;1523;314;139;156;598;1277;986;2995;8215;Cinese, Repubblica Popolare;3018;Egitto;1975;Filippine;1913;10;7;3;3005623,49
2020;XXII Marzo;26;14613;17107;31720;4711;3182;17302;9443;1399;230;72;37;383;805;799;2756;7614;Filippine;432;Cinese, Repubblica Popolare;226;Per—;225;5;3;3;1637499,71
2021;Adriano;17;9313;8428;17741;2997;4424;9146;3802;354;140;57;59;116;529;558;804;2857;Egitto;704;Filippine;543;Cinese, Repubblica Popolare;453;4;1;1;2431560,11
2021;Affori;80;12815;12599;25414;3963;7580;13477;7123;904;171;84;88;221;829;909;1818;4880;Cinese, Repubblica Popolare;2202;Egitto;1100;Filippine;1026;6;3;2;2070893,65
2021;Assiano;87;103;98;201;35;22;96;41;4;2;2;0;5;59;9;14;39;Marocco;5;Romania;5;Ucraina;4;0;0;0;5844580,12
2021;Baggio - Q.re degli Olmi - Q.re Valsesia;55;14281;15592;29873;4492;6641;14996;6903;1381;201;90;89;378;839;809;2991;7575;Filippine;1174;Egitto;968;Per—;784;7;3;2;3478599,96
2021;Bande Nere;52;20218;23590;43808;5871;7139;24287;13005;2408;305;123;78;682;1260;1405;5027;11273;Filippine;1571;Egitto;548;Sri Lanka (ex Ceylon);512;12;6;6;2663880,93
2021;Barona;46;7775;8800;16575;2374;3008;8105;3517;844;110;48;49;262;392;280;1855;5175;Egitto;939;Filippine;361;Sri Lanka (ex Ceylon);213;2;3;1;2006324,59
2021;Bicocca;15;4268;4248;8516;1459;1434;4420;2210;188;72;22;20;61;331;320;412;1446;Cinese, Repubblica Popolare;222;Egitto;188;Filippine;178;0;0;0;1534521,13
2021;Bovisa;77;7172;6773;13945;2047;4837;8025;4863;422;111;45;59;110;560;660;834;2398;Egitto;1094;Cinese, Repubblica Popolare;876;Filippine;526;3;2;1;1913132,63
2021;Bovisasca;81;3449;3781;7230;1055;1217;3505;1485;305;46;23;9;107;208;172;755;1956;Cinese, Repubblica Popolare;226;Egitto;169;Per—;100;3;1;1;1576826,44
2021;Brera;2;8406;9750;18156;2717;2632;10262;5992;737;122;53;30;188;650;898;1437;4259;Filippine;368;Sri Lanka (ex Ceylon);201;Francia;140;5;5;3;1637395,23
2021;Bruzzano;83;6117;6518;12635;2072;2603;6174;2732;431;90;31;38;135;340;310;996;3083;Egitto;400;Sri Lanka (ex Ceylon);247;Romania;222;3;2;1;1667691,29
2021;Buenos Aires - Porta Venezia - Porta Monforte;21;29283;32810;62093;8665;7775;34930;19992;2604;452;199;82;550;1778;2329;4990;14427;Filippine;1067;Cinese, Repubblica Popolare;772;Bangladesh;439;9;5;4;2877542,27
2021;Cantalupa;47;316;266;582;104;143;297;152;4;4;1;2;2;20;37;26;105;Egitto;46;Cinese, Repubblica Popolare;18;El Salvador;10;0;0;0;926716,81
2021;Cascina Merlata;73;808;111;919;24;296;870;2;0;2;2;0;2;100;116;2;49;Marocco;78;Albania;50;Romania;27;0;0;0;1729126,90
2021;Chiaravalle;34;540;475;1015;104;138;544;260;23;5;1;5;16;25;39;61;290;Egitto;343;Filippine;272;Ecuador;160;0;0;0;311640,12
2021;Cimiano - Rottole - Q.re Feltre;18;9175;10272;19447;2623;3197;10557;5588;1080;138;59;42;266;646;584;2305;5201;Filippine;553;Egitto;342;Per—;269;7;4;3;4971969,50
2021;Citta' studi;22;16618;19346;35964;4601;5354;20842;12294;1822;238;105;55;384;1092;1253;3473;8910;Filippine;844;Per—;399;Sri Lanka (ex Ceylon);395;7;8;5;2207487,44
2021;Comasina;82;4766;4781;9547;1677;3726;4589;2124;293;68;34;44;95;377;363;616;1760;Cinese, Repubblica Popolare;1581;Egitto;504;Filippine;221;3;2;2;926734,56
2021;Corsica;25;9010;10472;19482;2761;2751;10792;5992;922;133;54;26;220;587;588;1814;4680;Filippine;567;Cinese, Repubblica Popolare;234;Egitto;206;6;4;3;1081329,70
2021;De Angeli - Monte Rosa;58;9730;11675;21405;3137;2611;11574;6065;943;158;64;29;223;620;799;1965;5130;Filippine;328;Francia;277;Cinese, Repubblica Popolare;189;3;2;3;1323078,54
2021;Dergano;79;12360;11237;23597;3639;8198;13160;7834;692;159;58;70;189;783;1031;1423;3928;Cinese, Repubblica Popolare;1744;Egitto;1731;Filippine;951;3;3;3;1358615,04
2021;Duomo;1;7891;8815;16706;2591;2239;9118;5060;642;113;43;23;163;620;916;1222;3725;Filippine;345;Sri Lanka (ex Ceylon);237;Francia;167;4;4;3;2341704,07
2021;Farini;78;1998;1786;3784;494;1263;2205;1334;110;28;14;11;27;129;200;207;655;Cinese, Repubblica Popolare;295;Egitto;293;Filippine;113;0;0;0;1010230,89
2021;Figino;63;1204;1241;2445;472;620;1142;486;56;22;12;11;14;64;67;127;475;Egitto;106;Filippine;96;Romania;74;2;2;1;1424713,85
2021;Forze Armate;56;11924;13098;25022;3883;5339;12779;6159;1003;144;51;45;285;640;686;2220;6398;Egitto;930;Filippine;915;Per—;500;7;5;2;3206902,39
2021;Ghisolfa;70;8533;9484;18017;2750;2995;9919;5467;798;151;80;36;168;522;581;1473;3793;Cinese, Repubblica Popolare;594;Filippine;468;Egitto;325;0;0;1;1051452,21
2021;Giambellino;49;14764;16141;30905;4786;8253;16654;9237;1330;225;90;93;313;1006;958;2478;6707;Egitto;2136;Filippine;1399;Sri Lanka (ex Ceylon);719;2;2;2;1965274,21
2021;Giardini P.ta Venezia;3;20;22;42;8;11;22;12;1;0;0;0;0;0;2;1;6;Romania;4;Filippine;3;Regno Unito;3;1;0;0;249646,83
2021;Gorla - Precotto;16;14430;15058;29488;4369;6862;15964;8512;1026;206;75;70;271;990;1024;2242;6363;Filippine;1574;Egitto;822;Cinese, Repubblica Popolare;616;9;6;2;1135239,32
2021;Gratosoglio - Q.re Missaglia - Q.re Terrazze;41;8711;9687;18398;2861;3237;8542;3509;979;106;46;43;268;487;247;2264;5028;Egitto;590;Filippine;396;Sri Lanka (ex Ceylon);269;3;3;1;3312818,32
2021;Greco - Segnano;13;7922;8136;16058;2421;3813;8791;4698;633;120;55;42;157;566;561;1344;3278;Filippine;713;Cinese, Repubblica Popolare;659;Egitto;340;2;2;2;1768669,43
2021;Guastalla;4;7012;8357;15369;2259;1889;8372;4564;685;116;36;20;132;468;599;1342;3835;Filippine;354;Sri Lanka (ex Ceylon);282;Romania;95;5;6;8;1548020,74
2021;Isola;11;11125;11565;22690;3124;4402;13283;8032;800;198;85;47;206;794;977;1594;4488;Cinese, Repubblica Popolare;942;Egitto;588;Filippine;422;3;2;2;1322966,34
2021;Lambrate - Ortica;23;5781;6142;11923;1922;2037;6476;3520;344;80;33;24;121;410;411;785;2117;Filippine;361;Egitto;223;Romania;158;6;4;2;3096861,87
2021;Lodi - Corvetto;35;17614;18756;36370;5443;10017;20347;11222;1616;277;126;127;432;1188;1350;3244;8229;Egitto;1734;Filippine;1655;Per—;747;9;8;4;3639092,52
2021;Lorenteggio;53;6766;7464;14230;2223;2176;7080;3270;680;115;41;27;215;377;294;1569;3484;Egitto;430;Filippine;286;Cinese, Repubblica Popolare;178;5;4;2;2635327,10
2021;Loreto - Casoretto - NoLo;20;22960;21074;44034;5741;14488;26632;17285;1328;312;145;132;356;1806;1862;2626;7774;Egitto;2631;Filippine;2554;Cinese, Repubblica Popolare;1756;6;5;4;1747565,53
2021;Maciachini - Maggiolina;12;12401;13525;25926;3534;5309;14364;8102;1209;182;77;49;271;707;897;2279;6141;Cinese, Repubblica Popolare;951;Filippine;845;Egitto;670;8;3;2;1674980,95
2021;Magenta - S.Vittore;7;8401;9539;17940;2967;2089;9476;4870;684;119;46;16;152;555;809;1396;3938;Filippine;249;Romania;215;Francia;212;4;6;4;1390146,88
2021;Maggiore - Musocco - Certosa;72;3846;3864;7710;1333;1330;3994;1974;195;112;46;20;54;188;411;499;1364;Egitto;148;Filippine;137;Cinese, Repubblica Popolare;133;2;3;1;3030188,71
2021;Moncucco - San Cristoforo;45;6802;6942;13744;2043;2944;7660;4390;520;109;50;35;131;506;519;1079;2950;Egitto;914;Sri Lanka (ex Ceylon);246;Filippine;235;4;2;2;1596174,14
2021;Monlue' - Ponte Lambro;31;2861;2344;5205;909;2222;2685;1103;97;37;18;24;41;291;251;222;733;Egitto;406;Per—;230;Filippine;162;1;1;0;2639289,21
2021;Morivione;37;3722;3980;7702;1149;1232;4272;2186;244;53;21;16;102;278;285;645;1626;Filippine;215;Cinese, Repubblica Popolare;132;Egitto;132;1;1;1;817976,68
2021;Muggiano;54;1515;1566;3081;593;210;1356;513;47;16;5;1;18;78;57;120;393;Sri Lanka (ex Ceylon);25;Romania;21;Ecuador;20;1;1;0;444218,42
2021;N.D.;;;;;;;;;;;;;;;;;;;;;;;;;;;
2021;Niguarda - Ca? Granda - Prato Centenaro - Q.re Fulvio Testi;14;16976;18876;35852;5067;5749;18800;9294;1685;217;89;79;467;1098;937;3687;9508;Egitto;807;Cinese, Repubblica Popolare;762;Filippine;579;10;6;4;4251281,95
2021;Ortomercato;29;2128;1979;4107;589;1595;2405;1473;151;26;11;14;35;185;161;307;789;Egitto;401;Cinese, Repubblica Popolare;206;Filippine;191;1;1;1;1402519,65
2021;Padova - Turro - Crescenzago;19;18621;18788;37409;5379;13093;21042;12203;1551;245;104;146;372;1263;1317;3032;7641;Filippine;2669;Egitto;2370;Cinese, Repubblica Popolare;1421;7;4;4;2061945,50
2021;Pagano;68;8321;9424;17745;2980;1806;8874;4232;741;124;43;17;173;456;504;1481;4094;Filippine;213;Francia;181;Sri Lanka (ex Ceylon);149;2;2;2;1289734,29
2021;Parco Bosco in citta';88;345;327;672;146;176;348;152;8;3;2;2;2;22;34;25;86;Romania;66;India;22;Marocco;12;0;0;0;7837668,61
2021;Parco dei Navigli;86;197;142;339;64;80;171;72;4;8;3;3;1;15;16;9;40;Egitto;26;Marocco;14;Romania;12;0;0;0;3617836,27
2021;Parco delle Abbazie;85;223;211;434;132;163;181;81;5;8;7;4;1;19;12;13;47;Romania;48;Montenegro;45;Bosnia-Erzegovina;33;0;0;0;13722000,00
2021;Parco Forlanini - Cavriano;24;1595;585;2180;198;1437;1741;382;19;9;7;6;9;343;248;32;138;Pakistan;156;Guinea;107;Nigeria;104;0;0;0;2925814,52
2021;Parco Nord;84;51;53;104;16;23;57;29;3;1;1;0;0;1;0;4;15;Cinese, Repubblica Popolare;5;Egitto;5;Filippine;4;1;1;1;1533639,39
2021;Parco Sempione;8;0;0;0;0;0;0;0;0;0;0;0;0;0;0;0;0;;0;;0;;0;0;0;0;470434,33
2021;Porta Garibaldi - Porta Nuova;9;2786;3078;5864;777;906;3518;2143;206;43;24;8;48;210;289;398;1205;Cinese, Repubblica Popolare;139;Filippine;53;Per—;52;1;0;0;785668,25
2021;Porta Genova;50;6936;8183;15119;2257;1301;8142;4370;676;107;42;13;161;355;456;1353;3619;Filippine;142;Egitto;110;Cinese, Repubblica Popolare;109;3;2;0;996786,39
2021;Porta Magenta;51;12024;14734;26758;4159;2520;14134;7421;1235;193;63;28;296;687;811;2454;6434;Filippine;442;Francia;213;Sri Lanka (ex Ceylon);157;4;3;3;1306450,76
2021;Porta Ticinese - Conca del Naviglio;6;9333;10599;19932;2551;2498;12003;7563;801;140;60;18;201;703;961;1554;4379;Filippine;272;Egitto;249;Cinese, Repubblica Popolare;177;6;3;2;1255064,75
2021;Porta Ticinese - Conchetta;44;8086;8876;16962;2434;2201;10027;6215;598;135;67;20;144;571;716;1154;3302;Egitto;246;Filippine;207;Romania;163;4;1;0;1483927,87
2021;Porta Vigentina - Porta Lodovica;5;6361;7158;13519;2016;1397;7310;3940;583;92;36;11;136;420;474;1234;3135;Filippine;154;Sri Lanka (ex Ceylon);130;Egitto;118;4;3;3;3427070,60
2021;Portello;67;4211;4647;8858;1394;960;4692;2397;407;88;35;18;89;209;244;834;2175;Cinese, Repubblica Popolare;120;Filippine;101;Per—;77;3;2;1;909636,60
2021;Pta Romana;27;7786;8683;16469;2244;1762;9461;5571;655;138;52;18;138;549;668;1272;3516;Filippine;223;Cinese, Repubblica Popolare;155;Sri Lanka (ex Ceylon);119;1;2;1;1002793,53
2021;Q.re Gallaratese - Q.re San Leonardo - Lampugnano;65;15174;17251;32425;4281;4567;16677;7438;2058;185;93;58;501;750;863;4779;10005;Filippine;516;Cinese, Repubblica Popolare;506;Romania;502;6;6;3;3894538,21
2021;QT 8;66;1849;2202;4051;641;462;2046;987;229;29;14;3;45;100;96;405;1046;Filippine;58;Cinese, Repubblica Popolare;56;Sri Lanka (ex Ceylon);47;3;2;1;1024437,42
2021;Quarto Cagnino;61;4686;5115;9801;1538;1151;4688;1916;366;64;27;23;121;254;201;986;2559;Egitto;257;Filippine;180;Cinese, Repubblica Popolare;164;2;1;1;986391,48
2021;Quarto Oggiaro - Vialba - Musocco;76;14989;15925;30914;4993;8961;14929;6555;1171;196;107;104;412;868;660;2482;6931;Cinese, Repubblica Popolare;2075;Egitto;1441;Filippine;863;6;4;2;2778263,75
2021;Quinto Romano;62;2270;2392;4662;584;631;2307;992;164;25;14;10;49;152;88;391;1287;Egitto;138;Filippine;70;Sri Lanka (ex Ceylon);66;1;1;0;1645859,77
2021;Quintosole;39;792;143;935;42;151;794;89;6;1;1;6;6;72;82;21;154;Egitto;27;Romania;21;Albania;20;0;0;0;1057528,77
2021;Rogoredo - Santa Giulia;33;5808;5482;11290;2197;2236;5539;2650;199;116;54;27;58;328;457;467;1581;Egitto;343;Filippine;272;Ecuador;160;2;1;1;1200161,64
2021;Ronchetto delle Rane;40;382;355;737;122;116;304;103;10;4;1;7;3;9;14;26;121;Egitto;36;Filippine;18;Ecuador;15;0;0;0;188870,60
2021;Ronchetto sul Naviglio - Q.re Lodovico il Moro;48;6851;7665;14516;2001;1942;7634;3727;661;106;48;31;229;418;393;1583;3931;Egitto;418;Filippine;205;Per—;169;4;4;4;2406775,20
2021;Roserio;74;135;107;242;31;68;119;53;8;0;0;0;3;7;10;16;62;Cinese, Repubblica Popolare;24;Filippine;9;Brasile;6;0;0;0;708465,80
2021;San Siro;57;12804;13550;26354;4552;9858;14349;8344;1168;221;73;143;260;967;876;2042;5376;Egitto;3825;Filippine;1261;Marocco;696;2;2;1;984925,54
2021;Sarpi;69;14262;16529;30791;4960;5244;17051;9589;1045;241;120;58;269;905;1117;2157;6154;Cinese, Repubblica Popolare;2243;Filippine;473;Francia;195;5;4;3;1811914,53
2021;Scalo Romana;36;6378;5813;12191;1844;4052;6874;4069;312;102;29;48;79;503;408;687;2176;Egitto;871;Filippine;677;Sri Lanka (ex Ceylon);279;1;1;1;1736727,98
2021;Stadera - Chiesa Rossa - Q.re Torretta - Conca Fallata;42;14259;15048;29307;4322;5804;15819;8446;1252;199;103;59;307;1030;877;2495;6556;Filippine;1039;Egitto;861;Cinese, Repubblica Popolare;436;7;5;3;3232237,35
2021;Stadio - Ippodromi;60;6316;6715;13031;2148;2402;6191;2680;511;78;32;16;135;435;450;1178;2949;Francia;471;Filippine;402;Egitto;144;7;8;3;3435307,37
2021;Stazione Centrale - Ponte Seveso;10;9673;8911;18584;2343;4726;11106;6937;643;143;69;50;145;664;798;1274;3700;Cinese, Repubblica Popolare;562;Bangladesh;545;Filippine;530;5;5;4;1556077,52
2021;Stephenson;75;73;61;134;20;51;70;34;0;2;1;2;2;7;12;6;18;Cinese, Repubblica Popolare;17;Filippine;12;Sri Lanka (ex Ceylon);4;0;0;0;560097,89
2021;Taliedo - Morsenchio - Q.re Forlanini;30;9073;10200;19273;2899;3544;10048;4927;1151;131;63;54;301;535;508;2354;4855;Egitto;450;Per—;413;Filippine;409;5;4;2;3821389,97
2021;Tibaldi;43;5476;5987;11463;1427;1959;6810;4160;527;102;40;31;115;405;477;1092;2732;Egitto;338;Filippine;318;Per—;123;2;1;1;786214,31
2021;Tre Torri;59;1105;1266;2371;525;400;1082;466;77;25;4;4;12;64;86;139;424;Francia;74;Cinese, Repubblica Popolare;32;Spagna;29;0;0;0;513316,34
2021;Trenno;64;1950;2025;3975;478;322;2047;789;135;26;15;4;41;127;59;365;1281;Somalia;25;El Salvador;23;Filippine;23;1;0;0;489710,56
2021;Triulzo Superiore;32;927;693;1620;319;1083;860;518;20;17;5;15;7;96;62;33;158;Egitto;259;Sri Lanka (ex Ceylon);189;Filippine;129;0;0;0;1395022,03
2021;Umbria - Molise - Calvairate;28;10731;11868;22599;3301;4401;12906;7522;1046;187;84;60;236;751;784;1961;5141;Filippine;795;Egitto;629;Cinese, Repubblica Popolare;310;3;1;0;1192396,73
2021;Vigentino - Q.re Fatima;38;7252;7827;15079;2379;1805;7710;3657;608;124;50;24;156;397;392;1405;3726;Filippine;263;Egitto;185;Sri Lanka (ex Ceylon);138;4;2;1;1853233,50
2021;Villapizzone - Cagnola - Boldinasco;71;20265;20925;41190;6385;13358;22062;11894;1543;320;134;155;401;1308;1331;3018;8255;Cinese, Repubblica Popolare;3080;Egitto;1903;Filippine;1896;10;7;3;3005623,49
2021;XXII Marzo;26;14503;16990;31493;4605;3155;17141;9347;1390;257;106;45;318;863;913;2756;7555;Filippine;421;Per—;219;Cinese, Repubblica Popolare;216;5;3;3;1637499,71
2022;Adriano;17;9499;8523;18022;2951;4461;9398;3990;371;131;57;53;116;623;634;836;2925;Egitto;697;Filippine;510;Cinese, Repubblica Popolare;466;4;1;1;2431560
2022;Affori;80;12928;12741;25669;3857;7618;13792;7453;925;188;83;71;202;801;927;1857;4935;Cinese, Repubblica Popolare;2240;Egitto;1122;Filippine;981;6;3;2;2070894
2022;Assiano;87;106;105;211;36;17;107;50;7;0;0;0;2;15;15;15;39;Romania;5;Ucraina;3;Bulgaria;2;;;;5844580
2022;Baggio - Q.re degli Olmi - Q.re Valsesia;55;14605;15829;30434;4571;7125;15381;7194;1412;199;96;88;347;758;1022;3042;7639;Filippine;1199;Egitto;1147;Per—;846;7;3;2;3478600
2022;Bande Nere;52;20381;23667;44048;5753;7357;24601;13260;2411;327;116;73;670;1183;1682;5001;11223;Filippine;1537;Egitto;598;Sri Lanka (ex Ceylon);495;10;4;5;2663881
2022;Barona;46;7876;8782;16658;2406;3165;8179;3617;853;118;50;52;254;401;353;1859;5146;Egitto;1081;Filippine;369;Sri Lanka (ex Ceylon);207;3;3;1;2006325
2022;Bicocca;15;4377;4366;8743;1452;1483;4590;2338;198;63;22;19;52;326;367;432;1494;Cinese, Repubblica Popolare;242;Filippine;191;Egitto;185;;;;1534521
2022;Bovisa;77;7213;6780;13993;1976;4801;8149;5026;418;111;40;55;129;512;690;821;2383;Egitto;1062;Cinese, Repubblica Popolare;886;Filippine;492;3;1;1;1913133
2022;Bovisasca;81;3482;3800;7282;1046;1313;3557;1544;305;54;24;23;94;215;191;761;1948;Cinese, Repubblica Popolare;260;Egitto;211;Per—;104;3;1;1;1576826
2022;Brera;2;8493;9801;18294;2672;2897;10449;6204;768;110;42;29;176;548;903;1477;4286;Filippine;355;Sri Lanka (ex Ceylon);208;Francia;164;5;5;3;1637395
2022;Bruzzano;83;6151;6546;12697;2070;2691;6241;2816;467;83;36;34;146;414;321;1027;3077;Egitto;476;Sri Lanka (ex Ceylon);247;Cinese, Repubblica Popolare;244;3;2;1;1667691
2022;Buenos Aires - Porta Venezia - Porta Monforte;21;29527;32844;62371;8482;8063;35374;20452;2592;424;195;91;605;1797;2712;5062;14440;Filippine;1003;Cinese, Repubblica Popolare;842;Bangladesh;463;9;6;6;2877542
2022;Cantalupa;47;321;265;586;102;148;303;161;4;5;3;2;1;27;23;30;109;Egitto;42;Cinese, Repubblica Popolare;24;El Salvador;12;;;;926717
2022;Cascina Merlata;73;832;111;943;23;331;896;4;0;1;1;1;3;80;117;3;50;Marocco;88;Albania;56;Romania;30;;;;1729127
2022;Chiaravalle;34;540;476;1016;108;146;544;253;24;5;2;1;13;38;25;57;286;Egitto;36;Filippine;24;Bangladesh;15;;;;311640
2022;Cimiano - Rottole - Q.re Feltre;18;9259;10306;19565;2643;3309;10662;5665;1051;145;61;29;295;560;674;2263;5137;Filippine;555;Egitto;368;Per—;260;6;4;3;4971970
2022;Citta' studi;22;16792;19315;36107;4515;5532;21116;12645;1812;249;112;55;462;1123;1549;3437;8827;Filippine;823;Sri Lanka (ex Ceylon);395;Per—;383;9;10;5;2207487
2022;Comasina;82;4949;4843;9792;1643;3946;4820;2325;280;96;40;59;88;433;482;612;1759;Cinese, Repubblica Popolare;1816;Egitto;499;Bangladesh;225;3;2;2;926735
2022;Corsica;25;9019;10513;19532;2757;2701;10836;6029;907;147;53;31;222;577;657;1782;4643;Filippine;550;Cinese, Repubblica Popolare;222;Egitto;202;5;3;3;1081330
2022;De Angeli - Monte Rosa;58;9818;11845;21663;3124;2711;11833;6318;974;149;70;21;241;585;900;1979;5139;Filippine;312;Francia;300;Cinese, Repubblica Popolare;209;3;2;3;1323079
2022;Dergano;79;12611;11264;23875;3519;8272;13467;8097;680;167;65;74;200;867;1213;1406;3943;Egitto;1791;Cinese, Repubblica Popolare;1748;Filippine;900;3;3;3;1358615
2022;Duomo;1;7854;8754;16608;2531;2314;9123;5117;671;111;47;22;153;608;788;1250;3703;Filippine;343;Sri Lanka (ex Ceylon);218;Francia;187;4;4;3;2341704
2022;Farini;78;1996;1794;3790;491;1231;2232;1372;118;41;17;11;23;149;171;210;655;Cinese, Repubblica Popolare;289;Egitto;273;Filippine;112;;1;;1010231
2022;Figino;63;1258;1285;2543;481;644;1204;524;54;24;11;8;19;60;99;135;492;Egitto;123;Filippine;93;Romania;74;2;2;1;1424714
2022;Forze Armate;56;12064;13117;25181;3936;5521;12880;6209;949;157;63;71;319;759;739;2179;6332;Filippine;927;Egitto;894;Per—;535;7;7;3;3206902
2022;Ghisolfa;70;8575;9476;18051;2724;2979;9956;5493;761;146;59;31;206;453;658;1405;3776;Cinese, Repubblica Popolare;595;Filippine;445;Egitto;308;1;1;1;1051452
2022;Giambellino;49;14726;16166;30892;4647;8136;16736;9344;1343;236;97;103;320;977;984;2462;6669;Egitto;2023;Filippine;1379;Sri Lanka (ex Ceylon);714;4;3;3;1965274
2022;Giardini P.ta Venezia;3;20;23;43;8;12;22;12;0;0;0;0;1;0;2;0;7;Romania;4;Filippine;3;Regno Unito;3;1;;;249647
2022;Gorla - Precotto;16;14566;15100;29666;4267;6882;16198;8764;1064;209;86;81;276;1077;1066;2291;6400;Filippine;1562;Egitto;858;Cinese, Repubblica Popolare;632;9;6;2;1135239
2022;Gratosoglio - Q.re Missaglia - Q.re Terrazze;41;8791;9782;18573;2945;3390;8646;3600;1014;102;50;38;258;384;365;2287;4960;Egitto;636;Filippine;406;Sri Lanka (ex Ceylon);301;2;3;1;3312818
2022;Greco - Segnano;13;7987;8150;16137;2335;3755;8919;4892;644;122;61;28;146;515;643;1327;3270;Cinese, Repubblica Popolare;705;Filippine;682;Egitto;326;2;2;2;1768669
2022;Guastalla;4;7104;8424;15528;2279;1949;8457;4622;660;99;40;16;161;411;683;1347;3822;Filippine;346;Sri Lanka (ex Ceylon);262;Romania;98;5;6;8;1548021
2022;Isola;11;11088;11553;22641;3060;4461;13332;8137;804;171;72;35;230;793;1127;1585;4449;Cinese, Repubblica Popolare;952;Egitto;613;Filippine;409;3;2;2;1322966
2022;Lambrate - Ortica;23;5932;6247;12179;1924;2067;6627;3596;346;84;32;21;134;387;469;804;2131;Filippine;357;Egitto;223;Cinese, Repubblica Popolare;177;6;4;2;3096862
2022;Lodi - Corvetto;35;17956;18905;36861;5425;10351;20868;11675;1578;269;131;119;482;1226;1649;3184;8224;Egitto;1834;Filippine;1624;Per—;753;9;8;4;3639093
2022;Lorenteggio;53;6805;7476;14281;2231;2156;7090;3279;681;117;48;33;219;397;350;1526;3461;Egitto;421;Filippine;282;Cinese, Repubblica Popolare;188;5;4;2;2635327
2022;Loreto - Casoretto - NoLo;20;23101;20903;44004;5475;14514;26950;17716;1312;284;130;117;390;1694;2141;2593;7765;Egitto;2674;Filippine;2503;Cinese, Repubblica Popolare;1775;6;4;3;1747566
2022;Maciachini - Maggiolina;12;12550;13547;26097;3511;5477;14572;8319;1185;180;76;67;281;828;1122;2248;6164;Cinese, Repubblica Popolare;942;Filippine;829;Egitto;736;8;3;2;1674981
2022;Magenta - S.Vittore;7;8461;9575;18036;2901;2272;9621;4922;706;99;37;12;163;523;856;1417;3917;Filippine;253;Romania;253;Francia;226;4;6;4;1390147
2022;Maggiore - Musocco - Certosa;72;4373;4388;8761;1535;1424;4556;2264;192;118;40;24;62;194;587;515;1390;Egitto;164;Cinese, Repubblica Popolare;152;Filippine;140;2;3;1;3030189
2022;Moncucco - San Cristoforo;45;6860;6959;13819;1976;2915;7822;4569;538;88;45;31;147;434;601;1089;2963;Egitto;879;Filippine;230;Sri Lanka (ex Ceylon);215;4;2;2;1596174
2022;Monlue' - Ponte Lambro;31;2878;2382;5260;931;2305;2717;1161;89;33;17;20;43;341;366;209;728;Egitto;480;Per—;242;Filippine;169;1;1;;2639289
2022;Morivione;37;3756;3972;7728;1128;1260;4336;2252;237;50;19;21;119;229;334;658;1620;Filippine;215;Egitto;149;Cinese, Repubblica Popolare;138;2;3;2;817977
2022;Muggiano;54;1515;1573;3088;569;222;1367;521;55;17;9;2;8;97;65;139;415;Sri Lanka (ex Ceylon);24;Romania;21;Egitto;19;1;1;;444218
2022;Niguarda - Ca? Granda - Prato Centenaro - Q.re Fulvio Testi;14;17096;19065;36161;5080;6089;19068;9618;1697;220;105;78;500;969;1031;3717;9473;Egitto;871;Cinese, Repubblica Popolare;835;Filippine;615;10;6;4;4251282
2022;Ortomercato;29;2177;1972;4149;586;1608;2463;1552;148;29;5;20;45;138;178;301;786;Egitto;396;Cinese, Repubblica Popolare;204;Filippine;192;1;1;1;1402520
2022;Padova - Turro - Crescenzago;19;18939;18858;37797;5346;13335;21521;12699;1540;269;105;146;382;1384;1682;2986;7605;Filippine;2633;Egitto;2457;Cinese, Repubblica Popolare;1479;6;4;4;2061946
2022;Pagano;68;8339;9482;17821;2973;1926;8946;4271;748;112;34;24;174;417;600;1512;4094;Francia;222;Filippine;216;Sri Lanka (ex Ceylon);155;2;2;2;1289734
2022;Parco Bosco in citta';88;348;342;690;141;178;362;162;9;6;3;2;2;9;27;29;89;Romania;71;India;21;Per—;12;;;;7837669
2022;Parco dei Navigli;86;209;145;354;70;85;180;74;4;1;0;1;1;19;22;7;37;Egitto;25;Marocco;15;Romania;15;;;;3617836
2022;Parco delle Abbazie;85;186;178;364;94;129;171;88;7;2;0;1;5;5;3;13;44;Romania;48;Bosnia-Erzegovina;26;Montenegro;22;;;;13722000
2022;Parco Forlanini - Cavriano;24;1722;616;2338;213;1561;1882;430;20;13;7;7;8;148;322;35;145;Pakistan;194;Bangladesh;152;Guinea;100;;;;2925815
2022;Parco Nord;84;49;49;98;17;23;52;25;2;1;0;1;2;4;1;4;13;Cinese, Repubblica Popolare;5;Egitto;5;Filippine;5;1;1;1;1533639
2022;Parco Sempione;8;0;0;0;0;0;0;0;0;0;0;0;0;0;0;0;0;;0;;0;;0;;;;470434
2022;Porta Garibaldi - Porta Nuova;9;2839;3082;5921;775;952;3587;2212;200;37;16;9;51;223;356;393;1239;Cinese, Repubblica Popolare;147;Per—;56;Filippine;51;1;;1;785668
2022;Porta Genova;50;6972;8240;15212;2251;1369;8196;4378;678;104;44;20;153;365;537;1371;3577;Filippine;140;Cinese, Repubblica Popolare;126;Egitto;103;3;2;1;996786
2022;Porta Magenta;51;12010;14785;26795;4059;2598;14242;7538;1252;170;70;22;302;613;967;2482;6454;Filippine;433;Francia;217;Sri Lanka (ex Ceylon);159;4;3;2;1306451
2022;Porta Ticinese - Conca del Naviglio;6;9401;10598;19999;2528;2645;12136;7717;786;119;61;28;213;621;1083;1525;4353;Egitto;288;Filippine;253;Cinese, Repubblica Popolare;181;6;3;2;1255065
2022;Porta Ticinese - Conchetta;44;8019;8859;16878;2387;2220;10043;6266;596;140;75;19;147;558;699;1139;3318;Egitto;238;Filippine;191;Romania;166;4;1;;1483928
2022;Porta Vigentina - Porta Lodovica;5;6365;7183;13548;1956;1442;7365;3979;579;89;28;22;154;338;526;1215;3127;Filippine;136;Sri Lanka (ex Ceylon);119;Egitto;116;4;3;3;3427071
2022;Portello;67;4276;4736;9012;1430;991;4788;2462;411;77;33;14;104;238;317;831;2172;Cinese, Repubblica Popolare;129;Filippine;104;Per—;69;3;2;1;909637
2022;Pta Romana;27;7776;8673;16449;2193;1826;9530;5672;652;114;48;22;161;461;741;1275;3488;Filippine;214;Cinese, Repubblica Popolare;157;Sri Lanka (ex Ceylon);118;2;3;1;1002794
2022;Q.re Gallaratese - Q.re San Leonardo - Lampugnano;65;15253;17233;32486;4248;4749;16850;7728;2076;203;95;66;539;871;953;4719;9769;Cinese, Repubblica Popolare;606;Filippine;526;Romania;494;6;6;3;3894538
2022;QT 8;66;1848;2191;4039;639;480;2052;993;218;21;10;7;67;93;97;377;1046;Cinese, Repubblica Popolare;60;Filippine;57;Sri Lanka (ex Ceylon);45;3;2;1;1024437
2022;Quarto Cagnino;61;4704;5188;9892;1522;1193;4789;2030;390;70;27;21;107;240;266;1005;2569;Egitto;264;Filippine;191;Cinese, Repubblica Popolare;175;3;1;1;986391
2022;Quarto Oggiaro - Vialba - Musocco;76;15350;16084;31434;5052;9738;15290;6801;1168;187;85;127;410;880;975;2441;6921;Cinese, Repubblica Popolare;2295;Egitto;1682;Filippine;906;6;4;2;2778264
2022;Quinto Romano;62;2292;2419;4711;588;697;2366;1037;167;15;11;3;65;124;151;389;1297;Egitto;167;Filippine;71;Sri Lanka (ex Ceylon);71;1;1;;1645860
2022;Quintosole;39;777;142;919;37;149;786;86;6;1;1;0;13;75;99;22;165;Egitto;22;Romania;22;Albania;17;;;;1057529
2022;Rogoredo - Santa Giulia;33;5992;5678;11670;2218;2321;5745;2760;217;102;43;31;63;354;397;490;1624;Egitto;333;Filippine;287;Per—;170;2;1;1;1200162
2022;Ronchetto delle Rane;40;379;358;737;118;121;307;105;12;3;2;1;2;30;27;28;122;Egitto;36;Filippine;18;Per—;15;;;;188871
2022;Ronchetto sul Naviglio - Q.re Lodovico il Moro;48;6901;7675;14576;1986;2024;7693;3786;645;86;39;31;218;429;446;1582;3866;Egitto;419;Filippine;218;Per—;191;4;4;4;2406775
2022;Roserio;74;138;115;253;38;77;125;57;7;1;0;0;3;8;15;14;62;Cinese, Repubblica Popolare;24;Filippine;10;Egitto;9;;;;708466
2022;San Siro;57;13067;13586;26653;4504;10004;14661;8703;1153;210;66;121;294;831;1138;2001;5345;Egitto;4060;Filippine;1218;Marocco;687;2;2;1;984926
2022;Sarpi;69;14360;16603;30963;4896;5397;17194;9701;1044;222;106;48;285;889;1329;2152;6206;Cinese, Repubblica Popolare;2367;Filippine;469;Francia;208;5;4;3;1811915
2022;Scalo Romana;36;6348;5825;12173;1793;3962;6889;4088;303;94;38;45;114;410;460;678;2183;Egitto;835;Filippine;650;Sri Lanka (ex Ceylon);255;1;1;1;1736728
2022;Stadera - Chiesa Rossa - Q.re Torretta - Conca Fallata;42;14300;15115;29415;4199;5821;16033;8691;1250;210;94;59;336;834;1001;2473;6557;Filippine;1009;Egitto;827;Cinese, Repubblica Popolare;498;6;4;2;3232237
2022;Stadio - Ippodromi;60;6402;6748;13150;2147;2509;6277;2724;514;69;32;24;153;373;430;1187;2914;Francia;513;Filippine;408;Egitto;155;7;8;3;3435307
2022;Stazione Centrale - Ponte Seveso;10;9525;8885;18410;2288;4542;11015;6911;633;139;69;43;162;861;800;1260;3679;Cinese, Repubblica Popolare;577;Bangladesh;556;Filippine;515;4;4;2;1556078
2022;Stephenson;75;81;76;157;22;51;87;47;1;1;1;0;2;3;24;5;19;Cinese, Repubblica Popolare;18;Filippine;8;Romania;4;;;;560098
2022;Taliedo - Morsenchio - Q.re Forlanini;30;9168;10240;19408;2916;3680;10137;5033;1128;134;62;43;291;535;551;2256;4784;Egitto;501;Per—;428;Filippine;405;5;4;2;3821390
2022;Tibaldi;43;5486;6008;11494;1417;1994;6883;4264;508;78;32;19;147;388;566;1055;2688;Egitto;334;Filippine;301;Per—;130;3;2;2;786214
2022;Tre Torri;59;1119;1271;2390;513;391;1092;459;77;15;10;3;12;64;99;146;434;Francia;65;Cinese, Repubblica Popolare;34;Spagna;27;;;;513316
2022;Trenno;64;1951;2019;3970;472;335;2056;806;146;21;10;4;47;98;72;394;1300;El Salvador;31;Filippine;30;Egitto;28;2;;;489711
2022;Triulzo Superiore;32;985;698;1683;329;1127;911;561;22;18;3;18;5;78;126;37;162;Egitto;301;Sri Lanka (ex Ceylon);194;Filippine;128;;;;1395022
2022;Umbria - Molise - Calvairate;28;10884;11885;22769;3233;4577;13133;7742;1016;182;78;49;259;701;916;1927;5109;Filippine;772;Egitto;764;Cinese, Repubblica Popolare;314;2;;;1192397
2022;Vigentino - Q.re Fatima;38;7460;7967;15427;2456;1909;7910;3800;634;112;35;19;144;418;514;1440;3731;Filippine;277;Egitto;208;Sri Lanka (ex Ceylon);151;4;1;1;1853234
2022;Villapizzone - Cagnola - Boldinasco;71;20531;20988;41519;6315;13552;22395;12227;1510;301;145;137;449;1369;1562;2953;8278;Cinese, Repubblica Popolare;3172;Egitto;1889;Filippine;1849;9;6;3;3005623
2022;XXII Marzo;26;14577;16944;31521;4567;3253;17234;9476;1334;229;92;35;399;820;1175;2673;7459;Filippine;413;Cinese, Repubblica Popolare;230;Per—;216;5;3;3;1637500
2022;N.D.;;;;;;;;;;;;;;;;;;;;;;;;;;;
2023;Adriano;17;9551;8599;18150;2893;4456;9550;4098;362;146;57;44;115;721;665;855;2986;Egitto;714;Filippine;491;Cinese, Repubblica Popolare;484;4;1;1;2431560,11
2023;Affori;80;13510;12947;26457;3838;8087;14468;8014;934;202;99;77;214;943;1390;1868;4986;Cinese, Repubblica Popolare;2392;Egitto;1284;Filippine;966;6;3;2;2070893,65
2023;Assiano;87;106;109;215;37;16;108;50;8;2;2;0;1;11;21;16;36;Romania;5;Bulgaria;2;Cinese, Repubblica Popolare;2;;;;5844580,12
2023;Baggio - Q.re degli Olmi - Q.re Valsesia;55;14879;15999;30878;4542;7468;15772;7595;1423;189;91;98;384;841;992;3015;7611;Egitto;1259;Filippine;1200;Per—;865;7;3;2;3478599,96
2023;Bande Nere;52;20630;23869;44499;5685;7623;25153;13864;2403;298;129;55;599;1280;1700;4927;11179;Filippine;1505;Egitto;640;Per—;520;10;4;5;2663880,93
2023;Barona;46;7983;8742;16725;2370;3233;8303;3765;858;93;40;51;244;408;399;1891;5137;Egitto;1067;Filippine;362;Sri Lanka (ex Ceylon);208;3;3;1;2006324,59
2023;Bicocca;15;4456;4409;8865;1438;1568;4698;2465;200;84;28;23;59;329;352;422;1491;Cinese, Repubblica Popolare;279;Filippine;198;Egitto;170;;;;1534521,13
2023;Bovisa;77;7342;6805;14147;1872;4840;8403;5312;410;92;48;39;113;586;859;807;2409;Egitto;987;Cinese, Repubblica Popolare;886;Filippine;481;3;1;1;1913132,63
2023;Bovisasca;81;3673;3929;7602;1121;1481;3759;1717;318;59;25;28;120;191;267;755;1930;Cinese, Repubblica Popolare;311;Egitto;287;Romania;98;3;1;1;1576826,44
2023;Brera;2;8637;9918;18555;2666;3286;10694;6437;790;130;60;41;159;500;947;1536;4312;Filippine;350;Sri Lanka (ex Ceylon);220;Francia;211;5;5;3;1637395,23
2023;Bruzzano;83;6236;6584;12820;2055;2770;6388;2978;479;86;44;34;126;381;325;1026;3078;Egitto;490;Cinese, Repubblica Popolare;274;Sri Lanka (ex Ceylon);260;3;2;1;1667691,29
2023;Buenos Aires - Porta Venezia - Porta Monforte;21;29922;33151;63073;8396;8816;36213;21249;2575;379;154;70;586;1753;2721;5095;14456;Filippine;920;Cinese, Repubblica Popolare;909;Egitto;538;10;6;6;2877542,27
2023;Cantalupa;47;317;277;594;98;132;309;166;5;3;1;0;3;33;23;31;109;Egitto;33;Cinese, Repubblica Popolare;23;Romania;10;;;;926716,81
2023;Cascina Merlata;73;887;116;1003;21;410;960;4;0;1;1;0;4;97;210;4;51;Marocco;110;Albania;62;Romania;35;;;;1729126,9
2023;Chiaravalle;34;560;492;1052;110;155;563;252;22;10;3;3;6;31;29;61;298;Egitto;38;Filippine;26;Bangladesh;14;;;;311640,12
2023;Cimiano - Rottole - Q.re Feltre;18;9325;10424;19749;2648;3408;10859;5870;1030;143;48;38;253;580;666;2226;5099;Filippine;530;Egitto;360;Cinese, Repubblica Popolare;288;6;4;3;4971969,5
2023;Citta' studi;22;17070;19481;36551;4426;5841;21636;13218;1814;228;92;60;375;1081;1580;3413;8737;Filippine;781;Egitto;466;Per—;393;9;10;5;2207487,44
2023;Comasina;82;5111;4931;10042;1591;4260;5102;2611;276;66;23;44;88;405;549;601;1745;Cinese, Repubblica Popolare;2079;Egitto;558;Bangladesh;262;3;2;2;926734,56
2023;Corsica;25;9156;10648;19804;2737;2817;11116;6294;913;130;47;25;181;493;738;1802;4717;Filippine;556;Cinese, Repubblica Popolare;229;Egitto;222;5;3;3;1081329,7
2023;De Angeli - Monte Rosa;58;9962;11907;21869;3082;2904;12039;6503;973;168;62;30;230;637;893;1980;5151;Francia;341;Filippine;298;Cinese, Repubblica Popolare;213;3;2;3;1323078,54
2023;Dergano;79;13003;11411;24414;3418;8565;14026;8598;681;168;66;73;144;918;1395;1429;4004;Egitto;1940;Cinese, Repubblica Popolare;1813;Filippine;829;3;3;3;1358615,04
2023;Duomo;1;7871;8779;16650;2461;2527;9266;5287;682;127;57;27;131;574;779;1300;3750;Filippine;346;Francia;222;Sri Lanka (ex Ceylon);201;3;4;3;2341704,07
2023;Farini;78;2085;1815;3900;478;1315;2352;1493;113;20;10;7;26;140;283;208;674;Egitto;335;Cinese, Repubblica Popolare;283;Filippine;111;;1;;1010230,89
2023;Figino;63;1288;1309;2597;486;680;1236;533;60;18;7;9;21;98;98;142;507;Egitto;142;Filippine;94;Romania;71;2;2;1;1424713,85
2023;Forze Armate;56;12192;13172;25364;3861;5727;13110;6458;967;144;81;63;300;656;854;2189;6380;Egitto;960;Filippine;908;Per—;574;7;7;3;3206902,39
2023;Ghisolfa;70;8871;9738;18609;2790;3117;10319;5770;774;140;63;29;190;490;759;1390;3807;Cinese, Repubblica Popolare;623;Filippine;405;Egitto;348;1;1;1;1051452,21
2023;Giambellino;49;14976;16304;31280;4565;8245;17199;9788;1357;216;96;87;300;1001;1180;2462;6722;Egitto;1947;Filippine;1392;Sri Lanka (ex Ceylon);714;4;3;3;1965274,21
2023;Giardini P.ta Venezia;3;22;24;46;8;12;22;11;1;0;0;0;0;2;4;1;7;Romania;4;Regno Unito;3;Filippine;2;1;;;249646,83
2023;Gorla - Precotto;16;14954;15371;30325;4194;7177;16851;9359;1080;208;90;67;283;996;1286;2366;6413;Filippine;1544;Egitto;849;Cinese, Repubblica Popolare;700;9;6;2;1135239,32
2023;Gratosoglio - Q.re Missaglia - Q.re Terrazze;41;9004;9876;18880;3032;3657;8748;3553;990;106;42;44;243;490;443;2271;4934;Egitto;733;Filippine;447;Sri Lanka (ex Ceylon);331;2;3;1;3312818,32
2023;Greco - Segnano;13;8105;8340;16445;2315;3802;9213;5123;633;101;44;31;119;477;643;1316;3307;Cinese, Repubblica Popolare;708;Filippine;645;Egitto;332;2;2;2;1768669,43
2023;Guastalla;4;7192;8493;15685;2268;2090;8637;4800;669;97;33;27;145;485;678;1358;3811;Filippine;340;Sri Lanka (ex Ceylon);255;Francia;109;5;6;8;1548020,74
2023;Isola;11;11241;11607;22848;2990;4661;13623;8407;817;174;77;41;198;804;1174;1577;4504;Cinese, Repubblica Popolare;962;Egitto;635;Filippine;415;3;2;2;1322966,34
2023;Lambrate - Ortica;23;6153;6451;12604;1960;2097;6939;3818;346;103;39;19;112;416;477;830;2207;Filippine;342;Egitto;201;Cinese, Repubblica Popolare;183;5;4;2;3096861,87
2023;Lodi - Corvetto;35;18479;19131;37610;5396;10906;21570;12327;1574;249;117;98;430;1293;1657;3156;8251;Egitto;2068;Filippine;1650;Per—;800;9;8;4;3639092,52
2023;Lorenteggio;53;7145;7776;14921;2330;2193;7521;3550;671;110;43;28;172;344;575;1497;3441;Egitto;420;Filippine;277;Cinese, Repubblica Popolare;212;5;4;2;2635327,1
2023;Loreto - Casoretto - NoLo;20;23425;20931;44356;5243;14583;27637;18480;1286;248;113;96;309;1804;2333;2598;7796;Egitto;2687;Filippine;2440;Cinese, Repubblica Popolare;1778;6;4;3;1747565,53
2023;Maciachini - Maggiolina;12;12802;13710;26512;3442;5728;15037;8756;1168;161;69;56;267;882;1206;2274;6179;Cinese, Repubblica Popolare;957;Filippine;792;Egitto;765;8;3;2;1674980,95
2023;Magenta - S.Vittore;7;8613;9602;18215;2828;2516;9830;5068;703;108;38;22;145;506;845;1442;3962;Romania;257;Filippine;250;Francia;247;4;6;4;1390146,88
2023;Maggiore - Musocco - Certosa;72;4766;4746;9512;1703;1608;4929;2469;202;154;54;35;62;258;478;528;1430;Egitto;187;Cinese, Repubblica Popolare;175;Filippine;150;2;3;1;3030188,71
2023;Moncucco - San Cristoforo;45;6967;7038;14005;2008;2931;7954;4682;552;106;58;32;132;463;582;1091;2958;Egitto;812;Filippine;235;Sri Lanka (ex Ceylon);212;4;2;2;1596174,14
2023;Monlue' - Ponte Lambro;31;3125;2476;5601;975;2563;2999;1284;86;47;21;36;42;265;485;215;738;Egitto;566;Per—;236;El Salvador;175;1;1;;2639289,21
2023;Morivione;37;3834;4007;7841;1080;1307;4455;2349;240;49;24;13;112;227;330;673;1640;Filippine;193;Egitto;169;Cinese, Repubblica Popolare;137;2;3;2;817976,68
2023;Muggiano;54;1507;1581;3088;551;233;1379;528;53;19;10;2;17;74;52;138;431;Sri Lanka (ex Ceylon);27;Romania;23;Egitto;22;1;1;;444218,42
2023;Niguarda - Ca? Granda - Prato Centenaro - Q.re Fulvio Testi;14;17341;19231;36572;5044;6329;19465;10030;1719;217;99;73;488;1095;1131;3746;9452;Cinese, Repubblica Popolare;928;Egitto;921;Filippine;618;10;6;4;4251281,95
2023;Ortomercato;29;2224;1980;4204;555;1646;2549;1652;157;30;13;16;46;163;241;303;765;Egitto;417;Cinese, Repubblica Popolare;210;Filippine;173;1;1;1;1402519,65
2023;Padova - Turro - Crescenzago;19;19445;19116;38561;5292;13606;22345;13398;1513;246;100;116;337;1410;1871;2938;7628;Egitto;2532;Filippine;2509;Cinese, Repubblica Popolare;1543;6;4;4;2061945,5
2023;Pagano;68;8487;9588;18075;2992;2127;9116;4434;764;109;44;21;152;416;698;1546;4154;Francia;246;Filippine;212;Sri Lanka (ex Ceylon);152;3;2;2;1289734,29
2023;Parco Bosco in citta';88;370;350;720;137;213;385;185;10;6;7;4;4;15;45;30;89;Romania;83;India;19;Per—;14;;;;7837668,61
2023;Parco dei Navigli;86;215;153;368;76;89;187;82;3;5;2;0;0;20;20;6;37;Egitto;24;Romania;15;Marocco;12;;;;3617836,27
2023;Parco delle Abbazie;85;195;157;352;80;132;188;82;7;5;3;2;1;19;30;12;47;Romania;44;Egitto;20;Bosnia-Erzegovina;13;;;;13722000
2023;Parco Forlanini - Cavriano;24;1767;687;2454;214;1646;1993;469;18;10;3;8;6;601;721;39;152;Pakistan;236;Bangladesh;200;Egitto;151;;;;2925814,52
2023;Parco Nord;84;47;49;96;14;24;49;22;2;0;2;0;0;2;4;4;14;Filippine;6;Cinese, Repubblica Popolare;5;Egitto;4;1;1;1;1533639,39
2023;Parco Sempione;8;0;0;0;0;0;0;0;0;0;0;0;0;0;;0;;;0;;0;;0;;;;470434,33
2023;Porta Garibaldi - Porta Nuova;9;2858;3072;5930;757;1048;3607;2220;200;41;18;12;51;227;339;399;1268;Cinese, Repubblica Popolare;146;Per—;60;Romania;49;1;;1;785668,25
2023;Porta Genova;50;7068;8300;15368;2210;1477;8321;4474;692;101;44;20;128;380;510;1400;3596;Filippine;155;Cinese, Repubblica Popolare;146;Egitto;85;3;2;1;996786,39
2023;Porta Magenta;51;12086;15027;27113;4016;2805;14577;7860;1267;190;68;38;264;620;935;2507;6451;Filippine;430;Francia;253;Ucraina;164;4;3;2;1306450,76
2023;Porta Ticinese - Conca del Naviglio;6;9591;10738;20329;2528;2983;12479;8080;792;136;52;29;187;651;1088;1522;4366;Egitto;296;Filippine;246;Cinese, Repubblica Popolare;198;6;3;2;1255064,75
2023;Porta Ticinese - Conchetta;44;8032;8854;16886;2330;2375;10136;6372;613;126;63;26;124;544;747;1156;3320;Egitto;236;Filippine;186;Romania;166;3;1;;1483927,87
2023;Porta Vigentina - Porta Lodovica;5;6413;7216;13629;1935;1520;7531;4184;607;75;29;12;123;352;519;1230;3144;Filippine;134;Sri Lanka (ex Ceylon);112;Egitto;111;4;3;3;3427070,6
2023;Portello;67;4277;4755;9032;1385;1047;4810;2476;400;76;21;17;98;230;307;827;2162;Cinese, Repubblica Popolare;119;Filippine;102;Per—;66;3;2;1;909636,6
2023;Pta Romana;27;7821;8740;16561;2153;1973;9661;5804;642;126;47;19;149;482;784;1280;3511;Filippine;210;Cinese, Repubblica Popolare;170;Egitto;121;3;3;1;1002793,53
2023;Q.re Gallaratese - Q.re San Leonardo - Lampugnano;65;15512;17433;32945;4278;5201;17278;8195;2106;173;89;54;526;751;1102;4727;9601;Cinese, Repubblica Popolare;774;Filippine;509;Romania;498;6;6;3;3894538,21
2023;QT 8;66;1858;2188;4046;623;501;2069;1014;208;29;8;8;42;125;103;370;1056;Cinese, Repubblica Popolare;60;Filippine;47;Sri Lanka (ex Ceylon);42;3;2;1;1024437,42
2023;Quarto Cagnino;61;4713;5220;9933;1520;1274;4877;2109;400;47;21;10;108;259;241;1030;2614;Egitto;291;Filippine;194;Cinese, Repubblica Popolare;178;3;1;1;986391,48
2023;Quarto Oggiaro - Vialba - Musocco;76;16085;16414;32499;5262;10675;15970;7191;1130;207;108;136;363;931;1148;2360;6943;Cinese, Repubblica Popolare;2531;Egitto;1962;Filippine;1029;6;4;2;2778263,75
2023;Quinto Romano;62;2330;2464;4794;614;776;2414;1081;172;26;15;7;58;137;122;398;1294;Egitto;202;Filippine;90;Romania;68;1;1;;1645859,77
2023;Quintosole;39;763;139;902;40;158;772;88;6;3;2;1;20;80;111;20;160;Egitto;24;Romania;20;Marocco;18;;;;1057528,77
2023;Rogoredo - Santa Giulia;33;6099;5764;11863;2194;2377;5891;2877;214;107;44;34;72;399;381;480;1667;Egitto;332;Filippine;287;Per—;171;2;1;1;1200161,64
2023;Ronchetto delle Rane;40;386;365;751;124;129;316;113;14;5;1;3;6;19;17;31;122;Egitto;38;Filippine;19;Per—;14;;;;188870,6
2023;Ronchetto sul Naviglio - Q.re Lodovico il Moro;48;7017;7749;14766;1990;2149;7883;3996;664;67;29;23;192;378;475;1618;3835;Egitto;450;Filippine;211;Per—;186;4;4;4;2406775,2
2023;Roserio;74;143;117;260;38;88;139;72;7;1;1;1;4;8;16;14;60;Cinese, Repubblica Popolare;28;Egitto;9;Croazia;6;;;;708465,8
2023;San Siro;57;13149;13496;26645;4310;9922;14978;9121;1150;186;60;94;272;955;1097;1996;5378;Egitto;3902;Filippine;1173;Marocco;666;2;2;1;984925,54
2023;Sarpi;69;14513;16832;31345;4793;5867;17638;10174;1077;215;110;49;257;890;1446;2185;6230;Cinese, Repubblica Popolare;2604;Filippine;449;Francia;212;5;4;3;1811914,53
2023;Scalo Romana;36;6425;5874;12299;1766;3990;7048;4232;310;94;44;40;93;527;594;683;2213;Egitto;894;Filippine;618;Cinese, Repubblica Popolare;245;1;1;1;1736727,98
2023;Stadera - Chiesa Rossa - Q.re Torretta - Conca Fallata;42;14476;15214;29690;4125;6062;16316;8997;1211;171;85;58;320;827;1024;2392;6527;Filippine;982;Egitto;866;Cinese, Repubblica Popolare;526;6;4;2;3232237,35
2023;Stadio - Ippodromi;60;6518;6828;13346;2121;2645;6452;2869;524;64;27;17;149;368;489;1191;2941;Francia;538;Filippine;381;Egitto;157;7;8;3;3435307,37
2023;Stazione Centrale - Ponte Seveso;10;9093;8817;17910;2194;4135;10602;6513;650;107;38;34;144;1316;917;1298;3706;Cinese, Repubblica Popolare;600;Bangladesh;533;Filippine;520;4;4;2;1556077,52
2023;Stephenson;75;90;83;173;23;55;94;51;1;1;0;0;1;3;2;5;17;Cinese, Repubblica Popolare;23;Filippine;10;Romania;4;;;;560097,89
2023;Taliedo - Morsenchio - Q.re Forlanini;30;9376;10384;19760;2978;3829;10378;5193;1077;136;59;48;251;535;624;2179;4735;Egitto;549;Per—;451;Filippine;401;5;4;2;3821389,97
2023;Tibaldi;43;5596;6057;11653;1402;2068;7051;4446;519;87;37;24;116;406;571;1068;2644;Egitto;386;Filippine;289;Bangladesh;126;3;2;2;786214,31
2023;Tre Torri;59;1166;1309;2475;538;427;1134;483;76;19;4;4;19;86;91;139;451;Francia;75;Cinese, Repubblica Popolare;36;Filippine;28;;;;513316,34
2023;Trenno;64;1947;2029;3976;469;359;2085;846;162;18;11;4;51;79;67;417;1325;Filippine;31;El Salvador;30;Egitto;27;2;;;489710,56
2023;Triulzo Superiore;32;1016;726;1742;337;1158;950;586;23;18;6;16;2;70;117;42;175;Egitto;325;Sri Lanka (ex Ceylon);186;Filippine;114;;;;1395022,03
2023;Umbria - Molise - Calvairate;28;11388;12090;23478;3257;4890;13708;8215;1012;161;58;45;205;720;1012;1925;5132;Egitto;885;Filippine;741;Cinese, Repubblica Popolare;319;2;;;1192396,73
2023;Vigentino - Q.re Fatima;38;7789;8273;16062;2498;2176;8354;4102;637;85;32;10;132;388;584;1475;3773;Filippine;313;Egitto;267;Sri Lanka (ex Ceylon);160;4;1;1;1853233,5
2023;Villapizzone - Cagnola - Boldinasco;71;21059;21173;42232;6183;13809;23183;13000;1496;285;141;143;410;1320;1850;2966;8358;Cinese, Repubblica Popolare;3183;Egitto;1944;Filippine;1808;9;6;3;3005623,49
2023;XXII Marzo;26;14773;17071;31844;4513;3578;17582;9804;1362;221;80;41;309;820;1262;2701;7534;Filippine;408;Cinese, Repubblica Popolare;269;Egitto;229;5;3;3;1637499,71
2023;N.D.;;;;;;;;;;;;;0;;;;;;;;;;;;;;
2024;Adriano;17;9581;8588;18169;2875;4389;9591;4151;376;148;77;46;103;625;522;919;3077;Egitto;708;Filippine;482;Cinese, Repubblica Popolare;481;4;1;1;2431560,11
2024;Affori;80;13459;12936;26395;3758;7950;14576;8183;930;166;81;62;204;917;835;1893;5026;Cinese, Repubblica Popolare;2424;Egitto;1253;Filippine;886;6;3;2;2070893,65
2024;Assiano;87;111;113;224;36;24;116;57;6;1;1;0;3;14;23;14;37;Egitto;6;Romania;6;Per—;4;;;;5844580,12
2024;Baggio - Q.re degli Olmi - Q.re Valsesia;55;14929;15931;30860;4502;7581;15892;7816;1420;195;87;85;367;921;875;2992;7571;Egitto;1320;Filippine;1150;Per—;939;7;3;2;3478599,96
2024;Bande Nere;52;20440;23697;44137;5563;7596;25088;13941;2375;309;124;70;605;1366;1510;4838;11085;Filippine;1445;Egitto;665;Per—;501;12;6;6;2663880,93
2024;Barona;46;7877;8702;16579;2335;3171;8220;3714;854;82;36;36;257;455;283;1907;5121;Egitto;977;Filippine;360;Sri Lanka (ex Ceylon);210;3;3;1;2006324,59
2024;Bicocca;15;4359;4352;8711;1330;1551;4658;2466;206;65;27;15;59;352;299;448;1492;Cinese, Repubblica Popolare;292;Filippine;184;Egitto;158;;;;1534521,13
2024;Bovisa;77;7183;6696;13879;1799;4653;8320;5306;414;94;39;48;83;688;608;823;2440;Egitto;905;Cinese, Repubblica Popolare;845;Filippine;450;3;2;1;1913132,63
2024;Bovisasca;81;3668;3916;7584;1114;1575;3777;1759;322;49;15;21;117;253;201;751;1925;Cinese, Repubblica Popolare;352;Egitto;297;Filippine;104;3;1;1;1576826,44
2024;Brera;2;8552;9809;18361;2583;3464;10690;6497;832;104;35;29;144;473;810;1566;4374;Filippine;343;Sri Lanka (ex Ceylon);224;Francia;219;5;5;3;1637395,23
2024;Bruzzano;83;6233;6525;12758;2023;2699;6389;3014;475;76;34;28;125;344;276;1058;3055;Egitto;474;Cinese, Repubblica Popolare;288;Sri Lanka (ex Ceylon);254;3;2;1;1667691,29
2024;Buenos Aires - Porta Venezia - Porta Monforte;21;29647;32873;62520;8287;8900;35973;21158;2590;393;171;86;584;1663;2185;5079;14394;Cinese, Repubblica Popolare;935;Filippine;860;Egitto;544;9;5;4;2877542,27
2024;Cantalupa;47;304;272;576;94;131;296;155;6;4;0;2;3;21;19;32;112;Egitto;31;Cinese, Repubblica Popolare;20;El Salvador;12;;;;926716,81
2024;Cascina Merlata;73;990;140;1130;25;523;1086;6;0;2;1;2;9;72;190;3;65;Marocco;155;Albania;72;Per—;38;;;;1729126,9
2024;Chiaravalle;34;581;493;1074;117;164;588;264;24;3;2;1;11;37;38;72;311;Egitto;45;Filippine;29;Marocco;13;;;;311640,12
2024;Cimiano - Rottole - Q.re Feltre;18;9292;10344;19636;2547;3394;10933;5991;1009;111;42;25;219;617;616;2197;5083;Filippine;496;Egitto;373;Cinese, Repubblica Popolare;290;6;3;2;4971969,5
2024;Citta' studi;22;16863;19281;36144;4325;5777;21478;13175;1800;235;101;53;380;1025;1226;3359;8680;Filippine;744;Egitto;487;Cinese, Repubblica Popolare;402;7;8;5;2207487,44
2024;Comasina;82;5186;4901;10087;1552;4424;5218;2766;262;69;32;47;88;501;380;559;1709;Cinese, Repubblica Popolare;2243;Egitto;551;Bangladesh;253;2;2;2;926734,56
2024;Corsica;25;9134;10612;19746;2665;2833;11139;6373;904;129;55;27;177;587;630;1821;4741;Filippine;519;Cinese, Repubblica Popolare;236;Egitto;231;6;4;3;1081329,7
2024;De Angeli - Monte Rosa;58;9772;11780;21552;3033;2876;11874;6397;984;158;53;25;218;538;686;1996;5157;Francia;365;Filippine;296;Cinese, Repubblica Popolare;212;2;1;3;1323078,54
2024;Dergano;79;12944;11235;24179;3275;8452;14086;8762;676;169;72;65;187;1003;1083;1402;4014;Egitto;1903;Cinese, Repubblica Popolare;1746;Filippine;805;3;3;3;1358615,04
2024;Duomo;1;7630;8596;16226;2346;2509;9083;5192;696;78;28;22;139;548;592;1323;3778;Filippine;328;Francia;245;Sri Lanka (ex Ceylon);200;3;4;3;2341704,07
2024;Farini;78;2082;1779;3861;461;1283;2329;1474;112;16;9;6;22;146;159;216;684;Egitto;324;Cinese, Repubblica Popolare;272;Filippine;107;;;;1010230,89
2024;Figino;63;1307;1330;2637;505;708;1257;544;63;21;7;12;12;65;86;142;521;Egitto;137;Filippine;91;Romania;72;2;2;1;1424713,85
2024;Forze Armate;56;12263;13052;25315;3791;5838;13222;6620;976;146;69;53;305;645;810;2197;6346;Egitto;1001;Filippine;873;Per—;571;6;5;2;3206902,39
2024;Ghisolfa;70;8877;9764;18641;2768;3135;10366;5814;745;159;77;43;149;510;662;1364;3844;Cinese, Repubblica Popolare;606;Filippine;390;Egitto;355;;;1;1051452,21
2024;Giambellino;49;14772;16093;30865;4359;7940;17119;9827;1333;189;64;97;293;1061;885;2450;6721;Egitto;1777;Filippine;1284;Sri Lanka (ex Ceylon);667;2;3;3;1965274,21
2024;Giardini P.ta Venezia;3;20;20;40;6;10;21;12;1;0;0;0;0;4;2;1;7;Regno Unito;4;Canada;1;Filippine;1;1;;;249646,83
2024;Gorla - Precotto;16;14905;15196;30101;4015;7036;16920;9532;1074;177;79;61;272;1218;1062;2389;6382;Filippine;1460;Egitto;805;Cinese, Repubblica Popolare;724;10;7;3;1135239,32
2024;Gratosoglio - Q.re Missaglia - Q.re Terrazze;41;9103;9809;18912;3038;3791;8789;3557;984;83;38;40;249;473;367;2227;4939;Egitto;780;Filippine;474;Sri Lanka (ex Ceylon);336;2;3;1;3312818,32
2024;Greco - Segnano;13;8106;8274;16380;2259;3726;9224;5196;619;107;47;29;141;507;553;1294;3314;Cinese, Repubblica Popolare;691;Filippine;609;Egitto;304;2;2;2;1768669,43
2024;Guastalla;4;7079;8391;15470;2160;2128;8553;4767;672;82;37;7;154;359;538;1369;3832;Filippine;318;Sri Lanka (ex Ceylon);243;Francia;101;5;6;7;1548020,74
2024;Isola;11;11028;11430;22458;2904;4533;13418;8313;822;145;69;38;190;730;765;1593;4529;Cinese, Repubblica Popolare;932;Egitto;595;Filippine;389;3;2;2;1322966,34
2024;Lambrate - Ortica;23;6138;6454;12592;1912;2076;6956;3811;352;92;35;19;111;450;381;851;2254;Filippine;301;Egitto;209;Cinese, Repubblica Popolare;185;5;4;2;3096861,87
2024;Lodi - Corvetto;35;18316;18868;37184;5194;10697;21470;12410;1581;246;121;101;392;1506;1419;3105;8209;Egitto;1894;Filippine;1566;Per—;852;9;8;4;3639092,52
2024;Lorenteggio;53;7263;7889;15152;2342;2209;7676;3667;659;116;42;25;190;379;419;1455;3391;Egitto;392;Filippine;278;Cinese, Repubblica Popolare;228;6;4;2;2635327,1
2024;Loreto - Casoretto - NoLo;20;22938;20575;43513;4980;14186;27319;18377;1321;268;138;113;293;1935;1787;2642;7828;Egitto;2601;Filippine;2308;Cinese, Repubblica Popolare;1766;4;4;3;1747565,53
2024;Maciachini - Maggiolina;12;12852;13638;26490;3379;5868;15169;8937;1143;172;78;51;241;833;1181;2245;6169;Cinese, Repubblica Popolare;938;Egitto;814;Filippine;745;8;3;2;1674980,95
2024;Magenta - S.Vittore;7;8545;9481;18026;2737;2610;9845;5108;722;104;50;17;168;517;702;1451;3966;Romania;265;Filippine;253;Francia;246;4;6;4;1390146,88
2024;Maggiore - Musocco - Certosa;72;4993;4937;9930;1816;1713;5145;2596;233;135;47;30;64;259;396;541;1445;Cinese, Repubblica Popolare;223;Egitto;206;Filippine;153;2;3;1;3030188,71
2024;Moncucco - San Cristoforo;45;6857;6974;13831;1909;2809;7911;4689;541;102;51;32;126;488;430;1106;2964;Egitto;690;Filippine;230;Sri Lanka (ex Ceylon);197;4;2;2;1596174,14
2024;Monlue' - Ponte Lambro;31;3416;2477;5893;986;2903;3324;1311;94;43;18;34;29;335;564;221;750;Egitto;628;Bangladesh;264;Per—;254;1;1;;2639289,21
2024;Morivione;37;3755;3967;7722;1036;1302;4392;2290;229;47;20;14;133;223;251;673;1642;Filippine;194;Egitto;162;Cinese, Repubblica Popolare;140;2;2;2;817976,68
2024;Muggiano;54;1483;1562;3045;505;222;1373;532;57;14;5;4;12;79;44;142;450;Egitto;26;Sri Lanka (ex Ceylon);24;Romania;23;1;1;;444218,42
2024;Niguarda - Ca? Granda - Prato Centenaro - Q.re Fulvio Testi;14;17295;19011;36306;4941;6358;19452;10101;1724;239;99;75;492;1073;927;3737;9359;Cinese, Repubblica Popolare;989;Egitto;909;Filippine;621;10;6;4;4251281,95
2024;Ortomercato;29;2206;1964;4170;521;1621;2559;1678;166;14;6;9;46;145;148;300;755;Egitto;383;Cinese, Repubblica Popolare;196;Filippine;167;1;1;1;1402519,65
2024;Padova - Turro - Crescenzago;19;19292;18875;38167;5040;13281;22386;13610;1493;232;105;124;338;1538;1447;2870;7615;Egitto;2460;Filippine;2412;Cinese, Repubblica Popolare;1524;7;4;4;2061945,5
2024;Pagano;68;8357;9411;17768;2860;2152;9002;4371;763;105;42;24;155;397;459;1550;4169;Francia;271;Filippine;197;Sri Lanka (ex Ceylon);144;3;2;2;1289734,29
2024;Parco Bosco in citta';88;333;333;666;126;183;348;167;11;3;3;1;8;41;22;31;83;Romania;76;Per—;15;Iran;12;;;;7837668,61
2024;Parco dei Navigli;86;202;150;352;75;71;174;78;4;5;2;2;1;27;8;7;40;Egitto;16;Marocco;13;Romania;13;;;;3617836,27
2024;Parco delle Abbazie;85;194;135;329;69;138;196;72;5;1;0;1;2;27;26;14;45;Romania;34;Egitto;32;Albania;9;;;;13722000
2024;Parco Forlanini - Cavriano;24;1933;742;2675;214;1851;2212;485;18;17;11;13;2;126;330;37;161;Pakistan;272;Bangladesh;233;Egitto;175;;;;2925814,52
2024;Parco Nord;84;51;49;100;16;28;54;28;2;1;1;0;1;3;5;4;15;Filippine;10;Cinese, Repubblica Popolare;5;Per—;5;1;1;1;1533639,39
2024;Parco Sempione;8;0;0;0;0;0;0;0;0;0;0;0;0;0;0;0;0;;0;;0;;0;;;;470434,33
2024;Porta Garibaldi - Porta Nuova;9;2781;3036;5817;718;1056;3563;2203;208;44;22;10;36;192;258;414;1279;Cinese, Repubblica Popolare;152;Per—;61;Filippine;50;;;;785668,25
2024;Porta Genova;50;6969;8201;15170;2129;1522;8240;4478;710;102;34;17;147;380;403;1406;3600;Cinese, Repubblica Popolare;153;Filippine;138;Egitto;92;3;2;;996786,39
2024;Porta Magenta;51;11971;14848;26819;3926;2909;14482;7823;1251;175;77;27;265;573;788;2524;6449;Filippine;407;Francia;262;Ucraina;180;4;3;3;1306450,76
2024;Porta Ticinese - Conca del Naviglio;6;9678;10670;20348;2506;3287;12545;8176;814;133;54;28;164;577;1052;1554;4398;Egitto;340;Filippine;252;Cinese, Repubblica Popolare;201;6;3;3;1255064,75
2024;Porta Ticinese - Conchetta;44;7871;8722;16593;2264;2309;10000;6300;610;112;54;19;147;555;571;1150;3306;Egitto;217;Filippine;179;Romania;162;3;1;;1483927,87
2024;Porta Vigentina - Porta Lodovica;5;6358;7179;13537;1877;1588;7513;4214;621;86;25;11;104;337;531;1240;3199;Filippine;137;Sri Lanka (ex Ceylon);119;Egitto;105;4;3;3;3427070,6
2024;Portello;67;4201;4724;8925;1374;1057;4778;2479;406;63;25;6;84;212;248;842;2156;Cinese, Repubblica Popolare;126;Filippine;91;Romania;66;3;2;1;909636,6
2024;Pta Romana;27;7745;8622;16367;2050;2078;9606;5811;623;116;54;22;145;494;623;1250;3525;Filippine;193;Cinese, Repubblica Popolare;182;Egitto;174;2;2;1;1002793,53
2024;Q.re Gallaratese - Q.re San Leonardo - Lampugnano;65;15775;17461;33236;4285;5607;17596;8555;2103;203;95;68;491;721;1070;4661;9535;Cinese, Repubblica Popolare;892;Filippine;519;Romania;497;6;6;3;3894538,21
2024;QT 8;66;1839;2134;3973;588;489;2046;1000;199;24;10;7;48;96;82;357;1041;Cinese, Repubblica Popolare;63;Sri Lanka (ex Ceylon);47;Filippine;43;3;2;1;1024437,42
2024;Quarto Cagnino;61;4708;5232;9940;1494;1300;4902;2152;418;60;22;9;115;214;206;1049;2631;Egitto;293;Filippine;191;Cinese, Repubblica Popolare;186;3;1;1;986391,48
2024;Quarto Oggiaro - Vialba - Musocco;76;16265;16479;32744;5276;11051;16197;7343;1106;214;97;134;344;1038;922;2301;6954;Cinese, Repubblica Popolare;2742;Egitto;2071;Filippine;1024;6;4;2;2778263,75
2024;Quinto Romano;62;2308;2436;4744;603;836;2403;1104;180;27;12;10;58;136;96;404;1285;Egitto;225;Filippine;102;Romania;74;1;1;;1645859,77
2024;Quintosole;39;766;134;900;43;164;772;83;5;2;2;0;10;78;80;18;165;Egitto;25;Romania;20;Marocco;19;;;;1057528,77
2024;Rogoredo - Santa Giulia;33;6048;5728;11776;2138;2272;5829;2836;220;107;40;33;64;381;276;490;1712;Egitto;296;Filippine;276;Per—;164;2;1;1;1200161,64
2024;Ronchetto delle Rane;40;390;366;756;106;136;331;130;15;1;0;0;1;34;22;34;130;Egitto;44;Filippine;17;Per—;13;;;;188870,6
2024;Ronchetto sul Naviglio - Q.re Lodovico il Moro;48;6901;7627;14528;1946;2118;7767;3949;675;93;49;28;177;443;361;1631;3841;Egitto;455;Per—;204;Filippine;192;4;4;4;2406775,2
2024;Roserio;74;145;122;267;36;94;139;71;7;0;0;0;1;8;15;15;62;Cinese, Repubblica Popolare;27;Egitto;9;Filippine;7;;;;708465,8
2024;San Siro;57;12869;13203;26072;4063;9405;14777;9038;1123;177;51;105;270;1083;825;1951;5376;Egitto;3553;Filippine;1081;Marocco;610;2;2;1;984925,54
2024;Sarpi;69;14307;16635;30942;4652;5945;17438;10066;1081;235;123;42;255;805;1051;2195;6242;Cinese, Repubblica Popolare;2600;Filippine;435;Francia;210;5;4;3;1811914,53
2024;Scalo Romana;36;6317;5847;12164;1742;3815;6952;4200;314;77;28;33;73;485;416;693;2216;Egitto;841;Filippine;585;Cinese, Repubblica Popolare;258;1;1;1;1736727,98
2024;Stadera - Chiesa Rossa - Q.re Torretta - Conca Fallata;42;14259;15072;29331;3953;5904;16218;9034;1224;166;84;47;296;947;767;2394;6543;Filippine;951;Egitto;807;Cinese, Repubblica Popolare;514;7;5;3;3232237,35
2024;Stadio - Ippodromi;60;6426;6754;13180;2018;2677;6447;2902;518;57;22;19;141;327;366;1148;2945;Francia;523;Filippine;356;Egitto;170;7;8;3;3435307,37
2024;Stazione Centrale - Ponte Seveso;10;8935;8608;17543;2127;4010;10435;6446;640;132;52;34;156;608;626;1265;3691;Cinese, Repubblica Popolare;602;Bangladesh;463;Filippine;462;5;5;4;1556077,52
2024;Stephenson;75;91;81;172;24;57;95;53;2;4;4;2;2;7;6;4;17;Cinese, Repubblica Popolare;22;Filippine;10;Romania;6;;;;560097,89
2024;Taliedo - Morsenchio - Q.re Forlanini;30;9361;10305;19666;2903;3876;10369;5233;1046;131;60;58;273;575;514;2077;4679;Egitto;541;Per—;477;Filippine;401;5;4;2;3821389,97
2024;Tibaldi;43;5498;5909;11407;1366;2007;6930;4380;497;85;40;21;122;416;400;1041;2627;Egitto;367;Filippine;282;Bangladesh;122;2;1;1;786214,31
2024;Tre Torri;59;1185;1305;2490;522;452;1164;510;72;15;4;6;12;57;124;147;474;Francia;80;Cinese, Repubblica Popolare;37;Filippine;31;;;;513316,34
2024;Trenno;64;1966;2020;3986;475;361;2093;854;161;23;10;4;38;84;88;427;1336;Egitto;42;El Salvador;33;Filippine;28;2;;;489710,56
2024;Triulzo Superiore;32;1007;717;1724;322;1101;953;601;22;17;3;17;6;99;56;39;189;Egitto;301;Sri Lanka (ex Ceylon);182;Filippine;115;;;;1395022,03
2024;Umbria - Molise - Calvairate;28;11172;11994;23166;3185;4759;13544;8118;1014;158;51;51;231;724;680;1900;5139;Egitto;817;Filippine;694;Cinese, Repubblica Popolare;326;3;1;;1192396,73
2024;Vigentino - Q.re Fatima;38;7798;8337;16135;2442;2129;8529;4323;663;116;46;19;144;474;462;1502;3794;Filippine;297;Egitto;232;Cinese, Repubblica Popolare;153;4;2;1;1853233,5
2024;Villapizzone - Cagnola - Boldinasco;71;20994;21037;42031;5962;13564;23260;13170;1480;295;132;136;375;1372;1266;2958;8472;Cinese, Repubblica Popolare;3144;Egitto;1829;Filippine;1770;10;7;3;3005623,49
2024;XXII Marzo;26;14583;16894;31477;4354;3618;17502;9865;1365;176;74;24;294;817;980;2733;7545;Filippine;387;Egitto;266;Cinese, Repubblica Popolare;246;5;3;3;1637499,71
2024;N.D.;;;;;;;;;;;1;0;1;0;0;0;0;;;;;;;;;;
